sport%1:04:00::;athletics%1:04:00::
sport%1:04:01::
sport%1:18:03::;summercater%1:18:00::
sport%1:18:02::
sport%1:18:00::;sportsman%1:18:00::;sportswoman%1:18:00::
mutant%1:18:00::;mutation%1:18:00::;variation%1:18:00::;sport%1:18:01::
fun%1:10:00::;play%1:10:02::;sport%1:10:00::
fraud%1:04:00::
imposter%1:18:00::;impostor%1:18:00::;pretender%1:18:00::;fake%1:18:00::;faker%1:18:00::;fraud%1:18:00::;sham%1:18:00::;shammer%1:18:00::;pseudo%1:18:00::;pseud%1:18:00::;role_player%1:18:01::
fraud%1:04:01::;fraudulence%1:04:00::;dupery%1:04:00::;hoax%1:04:00::;humbug%1:04:00::;put-on%1:04:00::
law%1:14:00::;jurisprudence%1:14:00::
law%1:10:00::
law%1:09:00::;natural_law%1:09:00::
law%1:09:01::;law_of_nature%1:09:00::
jurisprudence%1:09:00::;law%1:09:02::;legal_philosophy%1:09:00::
law%1:04:00::;practice_of_law%1:04:00::
police%1:14:00::;police_force%1:14:00::;constabulary%1:14:00::;law%1:14:01::
trick%1:04:05::;fast_one%1:04:00::
trick%1:28:00::
trick%1:04:04::
antic%1:04:00::;joke%1:04:00::;prank%1:04:00::;trick%1:04:00::;caper%1:04:02::;put-on%1:04:01::
magic_trick%1:04:00::;conjuring_trick%1:04:00::;trick%1:04:02::;magic%1:04:01::;legerdemain%1:04:00::;conjuration%1:04:00::;thaumaturgy%1:04:00::;illusion%1:04:02::;deception%1:04:01::
whoremaster%1:18:02::;whoremonger%1:18:02::;john%1:18:01::;trick%1:18:00::
trick%1:04:01::
alonso%1:18:00::;alicia_alonso%1:18:00::
ajax%1:18:00::
show%2:39:02::;demo%2:39:00::;exhibit%2:39:00::;present%2:39:00::;demonstrate%2:39:01::
prove%2:31:00::;demonstrate%2:31:00::;establish%2:31:00::;show%2:31:00::;shew%2:31:00::
attest%2:32:01::;certify%2:32:00::;manifest%2:32:00::;demonstrate%2:32:00::;evidence%2:32:00::
demonstrate%2:41:00::;march%2:41:00::
wit%1:10:00::;humor%1:10:00::;humour%1:10:00::;witticism%1:10:00::;wittiness%1:10:00::
volition%1:09:00::;will%1:09:00::
will%1:09:01::
will%1:10:00::;testament%1:10:00::
get%2:40:00::;acquire%2:40:00::
become%2:30:00::;go%2:30:04::;get%2:30:00::
get%2:30:02::;let%2:30:01::;have%2:30:00::
receive%2:30:01::;get%2:30:03::;find%2:30:00::;obtain%2:30:00::;incur%2:30:00::
arrive%2:38:00::;get%2:38:00::;come%2:38:04::
bring%2:35:00::;get%2:35:03::;convey%2:35:00::;fetch%2:35:00::
experience%2:39:00::;receive%2:39:03::;have%2:39:06::;get%2:39:00::
pay_back%2:33:00::;pay_off%2:33:00::;get%2:33:00::;fix%2:33:00::
have%2:40:02::;get%2:40:01::;make%2:40:02::
induce%2:32:00::;stimulate%2:32:01::;cause%2:32:00::;have%2:32:00::;get%2:32:00::;make%2:32:00::
get%2:35:09::;catch%2:35:01::;capture%2:35:01::
grow%2:29:00::;develop%2:29:00::;produce%2:29:00::;get%2:29:01::;acquire%2:29:00::
contract%2:29:00::;take%2:29:08::;get%2:29:00::
get%2:32:03::
make%2:30:00::;get%2:30:01::
drive%2:32:00::;get%2:32:08::;aim%2:32:09::
catch%2:31:03::;get%2:31:09::
catch%2:35:07::;arrest%2:35:01::;get%2:35:00::
get%2:35:10::;catch%2:35:13::
get%2:31:03::
get%2:40:14::
get%2:40:13::
catch%2:39:12::;get%2:39:13::
catch%2:39:09::;get%2:39:09::
get%2:39:14::;receive%2:39:15::
scram%2:38:00::;buzz_off%2:38:00::;fuck_off%2:38:00::;get%2:38:15::;bugger_off%2:38:00::
get%2:38:12::
get%2:37:12::;get_under_one's_skin%2:37:00::
get%2:37:11::
catch%2:36:12::;get%2:36:14::
draw%2:36:01::;get%2:36:00::
get%2:35:12::
perplex%2:31:00::;vex%2:31:02::;stick%2:31:00::;get%2:31:10::;puzzle%2:31:00::;mystify%2:31:00::;baffle%2:31:00::;beat%2:31:00::;pose%2:31:09::;bewilder%2:31:00::;flummox%2:31:00::;stupefy%2:31:00::;nonplus%2:31:00::;gravel%2:31:00::;amaze%2:31:01::;dumbfound%2:31:00::
get_down%2:30:00::;begin%2:30:00::;get%2:30:12::;start_out%2:30:00::;start%2:30:00::;set_about%2:30:00::;set_out%2:30:00::;commence%2:30:00::
suffer%2:29:01::;sustain%2:29:00::;have%2:29:05::;get%2:29:11::
beget%2:29:00::;get%2:29:08::;engender%2:29:00::;father%2:29:00::;mother%2:29:00::;sire%2:29:00::;generate%2:29:00::;bring_forth%2:29:00::
remove%2:30:00::;take%2:30:00::;take_away%2:30:01::;withdraw%2:30:01::
remove%2:41:00::
get_rid_of%2:40:01::;remove%2:40:00::
take_out%2:41:01::;move_out%2:41:00::;remove%2:41:02::
remove%2:38:00::;transfer%2:38:01::
absent%2:30:00::;remove%2:30:01::
murder%2:41:00::;slay%2:41:00::;hit%2:41:00::;dispatch%2:41:01::;bump_off%2:41:00::;off%2:41:00::;polish_off%2:41:00::;remove%2:41:01::
remove%2:30:02::;take_away%2:30:02::
sanction%1:10:00::;countenance%1:10:00::;endorsement%1:10:00::;indorsement%1:10:00::;warrant%1:10:02::;imprimatur%1:10:00::
sanction%1:04:02::
authority%1:07:02::;authorization%1:07:02::;authorisation%1:07:02::;sanction%1:07:00::
sanction%1:04:01::
ejection%1:04:00::;exclusion%1:04:01::;expulsion%1:04:01::;riddance%1:04:00::
extrusion%1:04:00::;expulsion%1:04:02::
expulsion%1:04:00::;projection%1:04:00::;ejection%1:04:01::;forcing_out%1:04:00::
presumably%4:02:00::;presumptively%4:02:00::
forge%2:36:00::;hammer%2:36:00::
forge%2:36:01::;fake%2:36:00::;counterfeit%2:36:00::
invent%2:36:00::;contrive%2:36:00::;devise%2:36:00::;excogitate%2:36:00::;formulate%2:36:00::;forge%2:36:08::
forge%2:38:01::
forge%2:38:00::;spurt%2:38:00::;spirt%2:38:00::
shape%2:36:00::;form%2:36:00::;work%2:36:12::;mold%2:36:01::;mould%2:36:01::;forge%2:36:03::
fashion%2:36:00::;forge%2:36:02::
player%1:18:01::;participant%1:18:01::
musician%1:18:01::;instrumentalist%1:18:00::;player%1:18:02::
actor%1:18:00::;histrion%1:18:00::;player%1:18:00::;thespian%1:18:00::;role_player%1:18:00::
player%1:18:04::
player%1:18:03::
madrid%1:15:00::;capital_of_spain%1:15:00::;spanish_capital%1:15:00::
game%1:04:00::
game%1:04:03::
game%1:04:01::
game%1:05:00::
game%1:28:00::
game%1:23:00::
game%1:13:00::
plot%1:09:00::;secret_plan%1:09:00::;game%1:09:00::
game%1:06:00::
game%1:04:02::;biz%1:04:00::
game%1:04:04::
play%2:33:00::
play%2:41:12::
play%2:36:12::
act%2:36:00::;play%2:36:02::;represent%2:36:02::
play%2:41:03::
play%2:36:00::;spiel%2:36:00::
play%2:36:01::
act%2:29:01::;play%2:29:01::;act_as%2:29:00::
play%2:38:00::
play%2:33:01::
play%2:41:00::;recreate%2:41:00::
play%2:36:06::
play%2:36:11::
play%2:36:03::
play%2:33:03::
play%2:29:00::;toy%2:29:00::
play%2:41:02::
play%2:36:05::;run%2:36:01::
toy%2:35:00::;fiddle%2:35:00::;diddle%2:35:00::;play%2:35:00::
play%2:34:13::
dally%2:31:01::;trifle%2:31:01::;play%2:31:01::
play%2:42:00::
dally%2:41:00::;toy%2:41:00::;play%2:41:13::;flirt%2:41:00::
play%2:38:03::
act%2:36:03::;play%2:36:10::;roleplay%2:36:00::;playact%2:36:00::
play%2:36:04::
bring%2:36:00::;work%2:36:01::;play%2:36:13::;wreak%2:36:00::;make_for%2:36:00::
play%2:35:07::
play%2:33:07::
bet%2:33:00::;wager%2:33:00::;play%2:33:08::
play%2:33:09::
play%2:33:13::
play%2:33:12::
meet%2:33:00::;encounter%2:33:00::;play%2:33:02::;take_on%2:33:01::
play%2:29:04::
twenty-third%5:00:00:ordinal:00;23rd%5:00:00:ordinal:00
november%1:28:00::;nov%1:28:00::
european%1:18:00::
champion%1:18:01::;champ%1:18:00::;title-holder%1:18:00::
champion%1:18:00::;fighter%1:18:02::;hero%1:18:01::;paladin%1:18:00::
supporter%1:18:00::;protagonist%1:18:00::;champion%1:18:02::;admirer%1:18:01::;booster%1:18:02::;friend%1:18:04::
ace%1:18:00::;adept%1:18:00::;champion%1:18:03::;sensation%1:18:00::;maven%1:18:00::;mavin%1:18:00::;virtuoso%1:18:00::;genius%1:18:01::;hotshot%1:18:00::;star%1:18:01::;superstar%1:18:00::;whiz%1:18:00::;whizz%1:18:00::;wizard%1:18:01::;wiz%1:18:00::
league%1:14:01::;conference%1:14:01::
league%1:14:00::
league%1:23:00::
cause%2:36:00::;do%2:36:02::;make%2:36:08::
river%1:17:00::
ink%1:27:01::
ink%1:08:00::
write%2:36:00::;compose%2:36:01::;pen%2:36:00::;indite%2:36:00::
write%2:32:00::
publish%2:36:00::;write%2:36:02::
write%2:32:08::;drop_a_line%2:32:00::
write%2:32:01::
compose%2:36:03::;write%2:36:04::
write%2:36:01::
write%2:32:03::;save%2:32:04::
spell%2:36:00::;write%2:36:03::
write%2:36:10::
behavior%1:04:00::;behaviour%1:04:00::;conduct%1:04:00::;doings%1:04:00::
behavior%1:26:00::;behaviour%1:26:00::
demeanor%1:07:00::;demeanour%1:07:00::;behavior%1:07:00::;behaviour%1:07:00::;conduct%1:07:00::;deportment%1:07:00::
behavior%1:04:01::;behaviour%1:04:01::
cheating%5:00:00:unfair:00;dirty%5:00:00:unfair:00;foul%5:00:00:unfair:00;unsporting%5:00:00:unfair:00;unsportsmanlike%5:00:00:unfair:00
approve%2:32:00::;o.k.%2:32:00::;okay%2:32:00::;sanction%2:32:01::
sanction%2:41:01::
sanction%2:32:02::
know%2:31:01::;cognize%2:31:00::;cognise%2:31:00::
know%2:31:03::
know%2:31:02::
know%2:31:00::
know%2:31:04::;experience%2:31:00::;live%2:31:00::
acknowledge%2:31:09::;recognize%2:31:02::;recognise%2:31:02::;know%2:31:06::
know%2:31:15::
sleep_together%2:35:00::;roll_in_the_hay%2:35:00::;love%2:35:00::;make_out%2:35:00::;make_love%2:35:00::;sleep_with%2:35:00::;get_laid%2:35:00::;have_sex%2:35:00::;know%2:35:00::;do_it%2:35:00::;be_intimate%2:35:00::;have_intercourse%2:35:00::;have_it_away%2:35:00::;have_it_off%2:35:00::;screw%2:35:04::;fuck%2:35:00::;jazz%2:35:00::;eff%2:35:00::;hump%2:35:00::;lie_with%2:35:00::;bed%2:35:00::;have_a_go_at_it%2:35:00::;bang%2:35:04::;get_it_on%2:35:00::;bonk%2:35:01::
know%2:31:11::
know%2:31:12::
know%2:31:14::
minute%1:28:00::;min%1:28:00::
moment%1:28:01::;mo%1:28:00::;minute%1:28:01::;second%1:28:01::;bit%1:28:00::
moment%1:28:00::;minute%1:28:02::;second%1:28:02::;instant%1:28:00::
minute%1:23:00::;arcminute%1:23:00::;minute_of_arc%1:23:00::
minute%1:10:00::
hour%1:07:00::;minute%1:07:00::
end%1:15:00::;terminal%1:15:00::
end%1:28:00::;ending%1:28:00::
end%1:11:00::;last%1:11:00::;final_stage%1:11:00::
goal%1:09:00::;end%1:09:02::
end%1:09:00::
end%1:26:00::;destruction%1:26:00::;death%1:26:01::
end%1:15:02::
end%1:18:00::
end%1:15:01::
end%1:15:03::
end%1:04:00::
conclusion%1:10:00::;end%1:10:00::;close%1:10:00::;closing%1:10:00::;ending%1:10:01::
end%1:06:02::;remainder%1:06:00::;remnant%1:06:00::;oddment%1:06:00::
end%1:04:02::
team%1:14:00::;squad%1:14:00::
team%1:14:01::
already%4:02:00::
win%2:33:00::
acquire%2:40:06::;win%2:40:00::;gain%2:40:01::
gain%2:33:00::;advance%2:33:00::;win%2:33:01::;pull_ahead%2:33:00::;make_headway%2:33:00::;get_ahead%2:33:00::;gain_ground%2:33:00::
succeed%2:41:00::;win%2:41:04::;come_through%2:41:00::;bring_home_the_bacon%2:41:00::;deliver_the_goods%2:41:00::
intentionally%4:02:00::;deliberately%4:02:00::;designedly%4:02:00::;on_purpose%4:02:00::;purposely%4:02:00::;advisedly%4:02:00::;by_choice%4:02:00::;by_design%4:02:00::
measuredly%4:02:00::;deliberately%4:02:01::
waste%2:40:00::;blow%2:40:02::;squander%2:40:01::
waste%2:34:05::
waste%2:40:01::
waste%2:38:00::;run_off%2:38:04::
neutralize%2:35:00::;neutralise%2:35:00::;liquidate%2:35:00::;waste%2:35:00::;knock_off%2:35:00::;do_in%2:35:00::
consume%2:34:02::;squander%2:34:00::;waste%2:34:00::;ware%2:34:00::
pine_away%2:30:00::;waste%2:30:02::;languish%2:30:00::
waste%2:30:01::;emaciate%2:30:01::;macerate%2:30:03::
lay_waste_to%2:30:00::;waste%2:30:00::;devastate%2:30:00::;desolate%2:30:01::;ravage%2:30:01::;scourge%2:30:02::
waste%2:29:00::;rot%2:29:00::
time%1:11:00::;clip%1:11:00::
time%1:28:05::
time%1:28:00::
time%1:28:06::
time%1:03:00::
time%1:11:01::
clock_time%1:28:00::;time%1:28:03::
fourth_dimension%1:28:00::;time%1:28:04::
meter%1:07:00::;metre%1:07:00::;time%1:07:01::
prison_term%1:28:00::;sentence%1:28:00::;time%1:28:01::
make%2:41:00::;do%2:41:01::
make%2:36:00::;create%2:36:00::
produce%2:36:00::;make%2:36:01::;create%2:36:03::
draw%2:31:00::;make%2:31:00::
make%2:36:15::
create%2:36:13::;make%2:36:09::
gain%2:40:00::;take_in%2:40:00::;clear%2:40:00::;make%2:40:01::;earn%2:40:01::;realize%2:40:01::;realise%2:40:01::;pull_in%2:40:00::;bring_in%2:40:01::
do%2:36:00::;make%2:36:05::
form%2:42:00::;constitute%2:42:03::;make%2:42:05::
reach%2:38:06::;make%2:38:02::;get_to%2:38:02::;progress_to%2:38:00::
make%2:42:00::
make%2:36:11::
make%2:36:12::
construct%2:36:00::;build%2:36:00::;make%2:36:13::
make%2:30:15::
make%2:29:08::
name%2:41:01::;nominate%2:41:01::;make%2:41:03::
reach%2:38:01::;make%2:38:00::;attain%2:38:01::;hit%2:38:00::;arrive_at%2:38:00::;gain%2:38:00::
lay_down%2:31:00::;establish%2:31:02::;make%2:31:13::
make%2:41:13::
make%2:41:01::
hold%2:36:00::;throw%2:36:08::;have%2:36:00::;make%2:36:04::;give%2:36:02::
make%2:30:02::;make_up%2:30:00::
take%2:38:05::;make%2:38:05::
stool%2:29:00::;defecate%2:29:00::;shit%2:29:00::;take_a_shit%2:29:00::;take_a_crap%2:29:00::;ca-ca%2:29:00::;crap%2:29:00::;make%2:29:00::
make%2:42:09::
make%2:42:13::
make%2:42:12::
make%2:42:11::
make%2:42:15::
make%2:39:12::
make%2:38:10::;work%2:38:00::
make%2:38:15::
make%2:36:10::
cook%2:36:00::;fix%2:36:00::;ready%2:36:00::;make%2:36:07::;prepare%2:36:01::
seduce%2:35:00::;score%2:35:01::;make%2:35:13::
make%2:32:14::
make%2:32:09::;pretend%2:32:01::;make_believe%2:32:01::
make%2:31:10::
make%2:31:12::
make%2:30:10::
make%2:30:14::
make%2:30:12::
make%2:29:06::
make%2:29:01::;urinate%2:29:00::;piddle%2:29:00::;puddle%2:29:00::;micturate%2:29:00::;piss%2:29:00::;pee%2:29:00::;pee-pee%2:29:00::;make_water%2:29:00::;relieve_oneself%2:29:00::;take_a_leak%2:29:00::;spend_a_penny%2:29:00::;wee%2:29:00::;wee-wee%2:29:00::;pass_water%2:29:00::
referee%1:18:00::;ref%1:18:00::
reviewer%1:18:01::;referee%1:18:01::;reader%1:18:05::
referee%1:18:02::
testify%2:32:02::;bear_witness%2:32:02::;prove%2:32:00::;evidence%2:32:01::;show%2:32:00::
show%2:39:00::
picture%2:36:00::;depict%2:36:00::;render%2:36:04::;show%2:36:00::
express%2:32:01::;show%2:32:02::;evince%2:32:00::
indicate%2:32:03::;point%2:32:00::;designate%2:32:03::;show%2:32:01::
show%2:39:01::;show_up%2:39:00::
read%2:32:02::;register%2:32:00::;show%2:32:04::;record%2:32:03::
show%2:32:03::
usher%2:38:00::;show%2:38:00::
show%2:33:00::
second%5:00:00:ordinal:00;2nd%5:00:00:ordinal:00;2d%5:00:00:ordinal:00
second%3:00:00::
yellow%5:00:00:chromatic:00;yellowish%5:00:00:chromatic:00;xanthous%5:00:00:chromatic:00
chicken%5:00:00:cowardly:00;chickenhearted%5:00:00:cowardly:00;lily-livered%5:00:00:cowardly:00;white-livered%5:00:00:cowardly:00;yellow%5:00:00:cowardly:00;yellow-bellied%5:00:00:cowardly:00
yellow%5:00:00:old:01;yellowed%5:00:00:old:01
scandalmongering%5:00:00:sensational:00;sensationalistic%5:00:00:sensational:00;yellow%5:00:00:sensational:00
yellow%5:00:00:dishonorable:00
jaundiced%5:00:00:unhealthy:00;icteric%5:00:00:unhealthy:00;yellow%5:00:00:unhealthy:00
card%1:06:00::
card%1:10:01::;identity_card%1:10:00::
card%1:10:00::
card%1:27:00::
wag%1:18:00::;wit%1:18:00::;card%1:18:00::
poster%1:10:00::;posting%1:10:00::;placard%1:10:00::;notice%1:10:00::;bill%1:10:00::;card%1:10:02::
calling_card%1:10:00::;visiting_card%1:10:00::;card%1:10:04::
card%1:10:06::;scorecard%1:10:00::
menu%1:10:00::;bill_of_fare%1:10:00::;card%1:10:05::;carte_du_jour%1:10:00::;carte%1:10:00::
batting_order%1:10:00::;card%1:10:03::;lineup%1:10:00::
circuit_board%1:06:00::;circuit_card%1:06:00::;board%1:06:04::;card%1:06:01::;plug-in%1:06:00::;add-in%1:06:00::
manner%1:07:02::;mode%1:07:00::;style%1:07:00::;way%1:07:01::;fashion%1:07:00::
means%1:04:00::;agency%1:04:00::;way%1:04:01::
direction%1:15:00::;way%1:15:00::
way%1:26:00::
way%1:04:00::;path%1:04:00::;way_of_life%1:04:00::
way%1:06:00::
way%1:04:02::
room%1:23:00::;way%1:23:00::;elbow_room%1:23:00::
way%1:07:02::
way%1:09:00::
way%1:09:01::
way%1:21:00::
complete%2:30:02::;finish%2:30:02::
finish_up%2:30:02::;land_up%2:30:00::;fetch_up%2:30:00::;end_up%2:30:01::;wind_up%2:30:02::;finish%2:30:01::
end%2:42:00::;stop%2:42:13::;finish%2:42:00::;terminate%2:42:00::;cease%2:42:13::
finish%2:35:00::
eat_up%2:34:00::;finish%2:34:00::;polish_off%2:34:00::
finish%2:30:03::
leader%1:18:00::
drawing_card%1:06:00::;loss_leader%1:06:00::;leader%1:06:00::
group%1:03:00::;grouping%1:03:00::
group%1:27:00::;radical%1:27:00::;chemical_group%1:27:00::
group%1:09:00::;mathematical_group%1:09:00::
carry_through%2:36:00::;accomplish%2:36:00::;execute%2:36:00::;carry_out%2:36:00::;action%2:36:00::;fulfill%2:36:00::;fulfil%2:36:00::
meet%2:34:00::;satisfy%2:34:01::;fill%2:34:02::;fulfill%2:34:00::;fulfil%2:34:00::
satisfy%2:42:00::;fulfill%2:42:00::;fulfil%2:42:00::;live_up_to%2:42:00::
prescribed%5:00:00:nonarbitrary:00
appointed%5:00:00:settled:02;decreed%5:00:00:settled:02;ordained%5:00:00:settled:02;prescribed%5:00:00:settled:02
official%5:00:00:regular:00;prescribed%5:00:00:regular:00
positive%5:00:00:formal:01;prescribed%5:00:00:formal:01
following%5:00:02:succeeding:00;next%5:00:00:succeeding:00
adjacent%5:00:00:close:01;next%5:00:00:close:01;side_by_side%5:00:00:close:01
future%5:00:00:incoming:00;next%5:00:00:incoming:00;succeeding%5:00:00:incoming:00
able%3:00:00::
able%5:00:00:competent:00;capable%5:00:00:competent:00
able%5:00:00:capable:00
able%5:00:00:fit:01;able-bodied%5:00:00:fit:01
following%5:00:01:succeeding:00;undermentioned%5:00:00:succeeding:00
following%3:00:00::
following%5:00:00:favorable:01
phase%1:28:00::;stage%1:28:00::
phase%1:26:00::;form%1:26:00::
phase%1:28:01::;phase_angle%1:28:00::
phase%1:07:00::
finally%4:02:02::;eventually%4:02:00::
ultimately%4:02:01::;finally%4:02:00::;in_the_end%4:02:00::;at_last%4:02:00::;at_long_last%4:02:00::
last%4:02:01::;lastly%4:02:00::;in_conclusion%4:02:00::;finally%4:02:03::
committee%1:14:00::;commission%1:14:00::
committee%1:14:01::;citizens_committee%1:14:00::
discipline%1:09:00::;subject%1:09:00::;subject_area%1:09:00::;subject_field%1:09:00::;field%1:09:00::;field_of_study%1:09:00::;study%1:09:02::;bailiwick%1:09:00::
discipline%1:09:01::
discipline%1:07:00::
discipline%1:04:00::
discipline%1:04:01::;correction%1:04:02::
trainer%1:18:00::
flight_simulator%1:06:00::;trainer%1:06:00::
different%3:00:00::
different%5:00:00:other:00
different%5:00:00:unusual:00
unlike%3:00:00::;dissimilar%3:00:02::;different%3:00:02::
different%5:00:01:other:00
economic%3:01:01::;economical%3:01:00::
economic%3:01:00::
economic%5:00:00:efficient:00;economical%5:00:00:efficient:00
economic%5:00:00:worldly:00
economic%5:00:00:profitable:00
sum%1:21:00::;sum_of_money%1:21:00::;amount%1:21:00::;amount_of_money%1:21:00::
amount%1:07:00::
measure%1:03:00::;quantity%1:03:00::;amount%1:03:00::
sum%1:09:01::;amount%1:09:00::;total%1:09:00::
aggravation%1:04:00::;irritation%1:04:00::;provocation%1:04:00::
incitement%1:16:00::;incitation%1:16:00::;provocation%1:16:00::
provocation%1:10:00::;incitement%1:10:01::
similar%3:00:00::
alike%3:00:00::;similar%3:00:04::;like%3:00:04::
like%3:00:00::;similar%3:00:02::
similar%5:00:00:synonymous:00
exchangeable%5:00:00:replaceable:00;interchangeable%5:00:00:replaceable:00;similar%5:00:00:replaceable:00;standardized%5:00:00:replaceable:00;standardised%5:00:00:replaceable:00
circumstance%1:26:01::
context%1:26:00::;circumstance%1:26:02::;setting%1:26:01::
circumstance%1:09:00::;condition%1:09:00::;consideration%1:09:01::
circumstance%1:11:00::
new%3:00:00::
fresh%5:00:00:original:00;new%5:00:00:original:00;novel%5:00:00:original:00
raw%5:00:00:inexperienced:00;new%5:00:00:inexperienced:00
new%5:00:00:unprecedented:00;unexampled%5:00:00:unprecedented:00
new%5:00:00:other:00
new%3:00:09::
newfangled%5:00:00:original:00;new%5:00:02:original:00
new%5:00:02:late:01
modern%5:00:00:late:01;new%5:00:01:late:01
new%5:00:00:early:02;young%5:00:00:early:02
new%5:00:00:unaccustomed:00
practice%1:04:00::;pattern%1:04:00::
exercise%1:04:02::;practice%1:04:02::;drill%1:04:00::;practice_session%1:04:00::;recitation%1:04:00::
practice%1:04:04::;praxis%1:04:00::
practice%1:04:03::
practice%1:09:00::
rather%4:02:02::;instead%4:02:01::
rather%4:02:04::;kind_of%4:02:00::;kinda%4:02:00::;sort_of%4:02:00::
preferably%4:02:00::;sooner%4:02:01::;rather%4:02:01::
quite%4:02:02::;rather%4:02:00::
frequent%3:00:00::
frequent%5:00:00:common:01
universe%1:17:00::;existence%1:17:00::;creation%1:17:00::;world%1:17:01::;cosmos%1:17:00::;macrocosm%1:17:00::
world%1:14:01::;domain%1:14:00::
world%1:09:00::;reality%1:09:00::
earth%1:17:00::;earth%1:17:02::;world%1:17:00::;globe%1:17:00::
populace%1:14:00::;public%1:14:00::;world%1:14:02::
world%1:17:02::
worldly_concern%1:09:00::;earthly_concern%1:09:00::;world%1:09:01::;earth%1:09:00::
world%1:05:00::;human_race%1:05:00::;humanity%1:05:00::;humankind%1:05:00::;human_beings%1:05:00::;humans%1:05:00::;mankind%1:05:00::;man%1:05:00::
football%1:04:00::;football_game%1:04:00::
football%1:06:00::
drawn-out%5:00:00:long:02;extended%5:00:00:long:02;lengthy%5:00:00:long:02;prolonged%5:00:00:long:02;protracted%5:00:00:long:02
extended%3:00:00::
elongated%5:00:02:long:01;extended%5:00:00:long:01;lengthened%5:00:00:long:01;prolonged%5:00:00:long:01
extended%5:00:00:figurative:00
extensive%5:00:00:large:00;extended%5:00:00:large:00
part%1:24:00::;portion%1:24:00::;component_part%1:24:00::;component%1:24:00::;constituent%1:24:00::
part%1:06:00::;portion%1:06:00::
part%1:17:00::;piece%1:17:00::
part%1:09:02::
region%1:15:00::;part%1:15:00::
function%1:04:00::;office%1:04:01::;part%1:04:01::;role%1:04:00::
character%1:09:01::;role%1:09:00::;theatrical_role%1:09:00::;part%1:09:01::;persona%1:09:00::
share%1:21:00::;portion%1:21:00::;part%1:21:00::;percentage%1:21:00::
part%1:09:00::;section%1:09:00::;division%1:09:00::
part%1:08:01::;parting%1:08:00::
part%1:10:00::;voice%1:10:02::
contribution%1:04:02::;part%1:04:03::;share%1:04:01::
ethos%1:07:00::
unwritten%3:00:00::
oral%5:00:00:spoken:00;unwritten%5:00:00:spoken:00
ad-lib%5:00:00:unscripted:00;spontaneous%5:00:00:unscripted:00;unwritten%5:00:00:unscripted:00
rule%1:09:00::;regulation%1:09:00::
convention%1:09:00::;normal%1:09:00::;pattern%1:09:03::;rule%1:09:01::;formula%1:09:00::
rule%1:10:00::;prescript%1:10:00::
rule%1:10:01::;linguistic_rule%1:10:00::
principle%1:09:03::;rule%1:09:03::
rule%1:28:00::
dominion%1:26:00::;rule%1:26:00::
rule%1:10:02::
rule%1:10:03::
principle%1:09:04::;rule%1:09:02::
rule%1:09:04::;formula%1:09:01::
rule%1:06:00::;ruler%1:06:00::
follow%2:38:00::
postdate%2:42:00::;follow%2:42:00::
follow%2:42:05::;fall_out%2:42:02::
follow%2:38:01::;travel_along%2:38:00::
comply%2:41:00::;follow%2:41:00::;abide_by%2:41:00::
follow%2:42:01::;come_after%2:42:00::
follow%2:30:00::;conform_to%2:30:00::
follow%2:42:02::
adopt%2:40:02::;follow%2:40:00::;espouse%2:40:00::
follow%2:42:03::
take_after%2:36:00::;follow%2:36:00::
trace%2:31:00::;follow%2:31:00::
watch%2:41:00::;observe%2:41:00::;follow%2:41:02::;watch_over%2:41:00::;keep_an_eye_on%2:41:00::
succeed%2:41:01::;come_after%2:41:00::;follow%2:41:01::
play_along%2:36:00::;accompany%2:36:00::;follow%2:36:01::
keep_up%2:30:00::;keep_abreast%2:30:02::;follow%2:30:01::
come%2:42:04::;follow%2:42:04::
follow%2:41:10::
follow%2:41:11::
be%2:41:00::;follow%2:41:09::
surveil%2:39:00::;follow%2:39:13::;survey%2:39:13::
pursue%2:38:00::;follow%2:38:13::
follow%2:31:14::
stick_to%2:30:00::;stick_with%2:30:00::;follow%2:30:12::
however%4:02:00::;nevertheless%4:02:00::;withal%4:02:01::;still%4:02:04::;yet%4:02:06::;all_the_same%4:02:00::;even_so%4:02:00::;nonetheless%4:02:00::;notwithstanding%4:02:00::
argument%1:10:00::;argumentation%1:10:00::;debate%1:10:01::
debate%1:10:00::;disputation%1:10:00::;public_debate%1:10:00::
originate%2:42:00::;arise%2:42:00::;rise%2:42:01::;develop%2:42:00::;uprise%2:42:02::;spring_up%2:42:00::;grow%2:42:00::
arise%2:42:01::;come_up%2:42:00::;bob_up%2:42:00::
arise%2:38:00::;rise%2:38:05::;uprise%2:38:03::;get_up%2:38:01::;stand_up%2:38:00::
arise%2:30:00::;come_up%2:30:00::
rise%2:38:00::;lift%2:38:03::;arise%2:38:04::;move_up%2:38:00::;go_up%2:38:00::;come_up%2:38:03::;uprise%2:38:01::
rebel%2:41:00::;arise%2:41:00::;rise%2:41:00::;rise_up%2:41:00::
get_up%2:29:00::;turn_out%2:29:00::;arise%2:29:00::;uprise%2:29:00::;rise%2:29:08::
related%3:00:02::;related_to%3:00:00::
related%3:00:01::
case%1:11:00::;instance%1:11:00::;example%1:11:00::
event%1:26:00::;case%1:26:00::
lawsuit%1:04:00::;suit%1:04:00::;case%1:04:00::;cause%1:04:00::;causa%1:04:00::
case%1:09:00::
case%1:06:00::
case%1:18:03::
subject%1:18:01::;case%1:18:02::;guinea_pig%1:18:00::
case%1:10:02::
case%1:10:01::
case%1:23:00::;caseful%1:23:00::
case%1:10:00::;grammatical_case%1:10:00::
case%1:26:02::
character%1:18:00::;eccentric%1:18:01::;type%1:18:00::;case%1:18:04::
font%1:10:00::;fount%1:10:00::;typeface%1:10:00::;face%1:10:00::;case%1:10:03::
sheath%1:08:00::;case%1:08:00::
shell%1:06:02::;case%1:06:06::;casing%1:06:01::
casing%1:06:00::;case%1:06:07::
case%1:06:03::;compositor's_case%1:06:00::;typesetter's_case%1:06:00::
case%1:06:02::;pillowcase%1:06:00::;slip%1:06:02::;pillow_slip%1:06:00::
case%1:06:01::;display_case%1:06:00::;showcase%1:06:00::;vitrine%1:06:00::
fact%1:09:01::
fact%1:10:01::
fact%1:26:01::
fact%1:09:02::
transport%2:35:00::;carry%2:35:02::
carry%2:42:01::;pack%2:42:00::;take%2:42:10::
impart%2:38:00::;conduct%2:38:00::;transmit%2:38:00::;convey%2:38:02::;carry%2:38:03::;channel%2:38:01::
carry%2:32:02::;convey%2:32:01::;express%2:32:02::
carry%2:35:09::
hold%2:35:02::;carry%2:35:01::;bear%2:35:01::
hold%2:42:13::;bear%2:42:14::;carry%2:42:03::;contain%2:42:13::
carry%2:41:00::
carry%2:30:05::;extend%2:30:06::
carry%2:42:02::
carry%2:33:01::
carry%2:31:12::
behave%2:41:01::;acquit%2:41:00::;bear%2:41:00::;deport%2:41:02::;conduct%2:41:01::;comport%2:41:01::;carry%2:41:01::
stock%2:40:00::;carry%2:40:00::;stockpile%2:40:00::
carry%2:36:00::;run%2:36:02::
dribble%2:35:00::;carry%2:35:08::
carry%2:32:07::
carry%2:42:13::
carry%2:42:15::
carry%2:42:14::
carry%2:42:12::
carry%2:42:08::
carry%2:41:02::;persuade%2:41:00::;sway%2:41:00::
carry%2:41:06::
carry%2:41:12::
carry%2:40:10::
carry%2:40:04::
post%2:40:05::;carry%2:40:13::
carry%2:38:10::
carry%2:38:07::
carry%2:36:08::
carry%2:35:12::
carry%2:34:00::;hold%2:34:00::
carry%2:34:01::
carry%2:33:04::
carry%2:33:03::
carry%2:33:02::
carry%2:33:12::
carry%2:32:00::
have_a_bun_in_the_oven%2:29:00::;bear%2:29:00::;carry%2:29:00::;gestate%2:29:00::;expect%2:29:00::
organization%1:14:00::;organisation%1:14:00::
arrangement%1:09:00::;organization%1:09:00::;organisation%1:09:00::;system%1:09:02::
administration%1:14:00::;governance%1:14:00::;governing_body%1:14:00::;establishment%1:14:02::;brass%1:14:00::;organization%1:14:01::;organisation%1:14:01::
organization%1:04:00::;organisation%1:04:00::
organization%1:07:00::;organisation%1:07:00::;system%1:07:00::
organization%1:04:01::;organisation%1:04:01::
constitution%1:04:00::;establishment%1:04:00::;formation%1:04:01::;organization%1:04:02::;organisation%1:04:02::
hymn%1:10:00::;anthem%1:10:00::
assume%2:31:00::;presume%2:31:00::;take_for_granted%2:31:00::
make_bold%2:41:00::;dare%2:41:00::;presume%2:41:00::
presume%2:32:00::
presume%2:29:00::
nobility%1:14:00::;aristocracy%1:14:01::
nobility%1:07:00::;nobleness%1:07:00::;magnanimousness%1:07:00::;grandeur%1:07:02::
nobility%1:26:00::;noblesse%1:26:00::
award%1:10:00::;accolade%1:10:00::;honor%1:10:00::;honour%1:10:00::;laurels%1:10:00::
honor%1:26:00::;honour%1:26:00::;laurels%1:26:00::
honor%1:07:00::;honour%1:07:00::
honor%1:07:01::;honour%1:07:01::;purity%1:07:00::;pureness%1:07:00::
ticket%2:41:00::;fine%2:41:00::
analogous%5:00:00:similar:00;correspondent%5:00:00:similar:00
analogous%3:00:00::
act%1:10:01::;enactment%1:10:00::
act%1:03:00::;deed%1:03:00::;human_action%1:03:00::;human_activity%1:03:00::
act%1:10:00::
act%1:10:02::;routine%1:10:01::;number%1:10:04::;turn%1:10:00::;bit%1:10:00::
act%1:10:03::
dramatization%1:04:01::;dramatisation%1:04:01::
dramatization%1:04:00::;dramatisation%1:04:00::
orchestrate%2:36:00::
mastermind%2:31:00::;engineer%2:31:00::;direct%2:31:00::;organize%2:31:00::;organise%2:31:00::;orchestrate%2:31:00::
apparently%4:02:00::;seemingly%4:02:00::;ostensibly%4:02:00::;on_the_face_of_it%4:02:00::
obviously%4:02:00::;evidently%4:02:00::;manifestly%4:02:00::;patently%4:02:00::;apparently%4:02:01::;plainly%4:02:00::;plain%4:02:00::
add%2:30:00::
add%2:32:01::;append%2:32:00::;supply%2:32:00::
lend%2:40:01::;impart%2:40:01::;bestow%2:40:01::;contribute%2:40:01::;add%2:40:00::;bring%2:40:02::
add%2:31:00::;add_together%2:31:00::
total%2:32:00::;tot%2:32:00::;tot_up%2:32:00::;sum%2:32:00::;sum_up%2:32:03::;summate%2:32:00::;tote_up%2:32:00::;add%2:32:00::;add_together%2:32:00::;tally%2:32:00::;add_up%2:32:00::
add%2:42:00::
expanded%3:00:01::
history%1:28:00::
history%1:10:00::;account%1:10:00::;chronicle%1:10:00::;story%1:10:04::
history%1:09:00::
history%1:28:02::
history%1:09:01::
histrionic%5:00:00:theatrical:00;melodramatic%5:00:01:theatrical:00
agitative%5:00:00:provocative:00;agitating%5:00:00:provocative:00;provoking%5:00:00:provocative:00
technician%1:18:00::
technician%1:18:01::
anyhow%4:02:00::;anyway%4:02:00::;anyways%4:02:00::;in_any_case%4:02:00::;at_any_rate%4:02:00::;in_any_event%4:02:00::
anyhow%4:02:01::;anyway%4:02:01::
deal%1:04:02::;trade%1:04:02::;business_deal%1:04:00::
bargain%1:10:00::;deal%1:10:00::
batch%1:23:00::;deal%1:23:00::;flock%1:23:00::;good_deal%1:23:00::;great_deal%1:23:00::;hatful%1:23:02::;heap%1:23:00::;lot%1:23:00::;mass%1:23:00::;mess%1:23:00::;mickle%1:23:00::;mint%1:23:00::;mountain%1:23:00::;muckle%1:23:00::;passel%1:23:00::;peck%1:23:00::;pile%1:23:00::;plenty%1:23:00::;pot%1:23:01::;quite_a_little%1:23:00::;raft%1:23:00::;sight%1:23:00::;slew%1:23:00::;spate%1:23:00::;stack%1:23:00::;tidy_sum%1:23:00::;wad%1:23:00::
deal%1:27:00::
softwood%1:27:00::;deal%1:27:01::
hand%1:14:00::;deal%1:14:00::
deal%1:11:00::
deal%1:04:00::
deal%1:04:01::
type%1:09:00::
type%1:14:01::
type%1:10:01::
type%1:10:00::
type%1:06:00::
forbid%2:32:00::;prohibit%2:32:00::;interdict%2:32:00::;proscribe%2:32:00::;veto%2:32:00::;disallow%2:32:00::;nix%2:32:00::
specifically%4:02:00::
regulation%1:10:00::;ordinance%1:10:00::
regulation%1:26:00::
regulation%1:22:00::
regulation%1:04:01::;regularization%1:04:00::;regularisation%1:04:00::
regulation%1:04:00::;regulating%1:04:00::
contradict%2:42:00::;belie%2:42:00::;negate%2:42:00::
contradict%2:32:00::;negate%2:32:00::;contravene%2:32:00::
oppose%2:32:00::;controvert%2:32:00::;contradict%2:32:01::
negate%2:31:00::;contradict%2:31:00::
principle%1:09:01::
principle%1:09:00::
principle%1:10:00::;precept%1:10:00::
rationale%1:09:00::;principle%1:09:02::
state%2:32:00::;say%2:32:00::;tell%2:32:04::
allege%2:32:00::;aver%2:32:01::;say%2:32:01::
suppose%2:32:00::;say%2:32:03::
read%2:42:00::;say%2:42:00::
order%2:32:01::;tell%2:32:02::;enjoin%2:32:00::;say%2:32:04::
pronounce%2:32:01::;articulate%2:32:00::;enounce%2:32:00::;sound_out%2:32:01::;enunciate%2:32:01::;say%2:32:02::
say%2:32:07::
say%2:32:15::
say%2:32:13::
say%2:32:08::
say%2:32:09::
action%1:04:02::
action%1:26:00::;activity%1:26:00::;activeness%1:26:00::
military_action%1:04:00::;action%1:04:03::
natural_process%1:22:00::;natural_action%1:22:00::;action%1:22:00::;activity%1:22:01::
action%1:10:00::
action%1:07:00::
action%1:06:00::;action_mechanism%1:06:00::
legal_action%1:04:00::;action%1:04:01::;action_at_law%1:04:00::
action%1:04:04::
action%1:04:00::
perpetrate%2:41:00::;commit%2:41:00::;pull%2:41:00::
give%2:32:03::;dedicate%2:32:00::;consecrate%2:32:04::;commit%2:32:01::;devote%2:32:00::
commit%2:40:02::;institutionalize%2:40:00::;institutionalise%2:40:00::;send%2:40:00::;charge%2:40:05::
entrust%2:40:00::;intrust%2:40:00::;trust%2:40:00::;confide%2:40:00::;commit%2:40:00::
invest%2:40:00::;put%2:40:00::;commit%2:40:05::;place%2:40:03::
commit%2:41:01::;practice%2:41:03::
indeed%4:02:03::;so%4:02:00::
indeed%4:02:02::
respectful%3:00:00::
respectful%5:00:00:reverent:00;reverential%5:00:00:reverent:00;venerating%5:00:00:reverent:00
look%2:39:01::;appear%2:39:00::;seem%2:39:00::
appear%2:39:01::;seem%2:39:01::
seem%2:42:00::
seem%2:39:02::
elude%2:38:00::;evade%2:38:00::;bilk%2:38:00::
elude%2:42:00::;escape%2:42:00::
hedge%2:32:00::;fudge%2:32:00::;evade%2:32:00::;put_off%2:32:03::;circumvent%2:32:00::;parry%2:32:00::;elude%2:32:00::;skirt%2:32:00::;dodge%2:32:00::;duck%2:32:00::;sidestep%2:32:00::
sense%1:09:05::
sense%1:10:00::;signified%1:10:00::
sense%1:09:02::;sensation%1:09:01::;sentience%1:09:00::;sentiency%1:09:00::;sensory_faculty%1:09:00::
common_sense%1:09:00::;good_sense%1:09:00::;gumption%1:09:00::;horse_sense%1:09:00::;sense%1:09:04::;mother_wit%1:09:00::
sense%1:09:06::
matter%1:09:01::;affair%1:09:00::;thing%1:09:02::
topic%1:09:00::;subject%1:09:01::;issue%1:09:00::;matter%1:09:00::
matter%1:03:00::
matter%1:09:02::
matter%1:07:00::
matter%1:10:00::
analyze%2:31:00::;analyse%2:31:00::;study%2:31:02::;examine%2:31:00::;canvass%2:31:02::;canvas%2:31:02::
examine%2:39:00::;see%2:39:13::
probe%2:32:00::;examine%2:32:01::
examine%2:32:00::
test%2:41:00::;prove%2:41:03::;try%2:41:01::;try_out%2:41:00::;examine%2:41:00::;essay%2:41:01::
damage%1:11:00::;harm%1:11:01::;impairment%1:11:00::
damage%1:11:01::;equipment_casualty%1:11:00::
damage%1:04:00::;harm%1:04:00::;hurt%1:04:00::;scathe%1:04:00::
price%1:21:00::;terms%1:21:00::;damage%1:21:00::
wrong%1:04:00::;legal_injury%1:04:00::;damage%1:04:01::
bring%2:38:00::;convey%2:38:00::;take%2:38:10::
bring%2:35:04::
bring%2:30:00::;land%2:30:00::
bring%2:35:02::
institute%2:36:00::;bring%2:36:01::
fetch%2:40:00::;bring_in%2:40:00::;bring%2:40:00::
bring%2:37:05::
bring%2:32:03::
sport%2:42:00::;feature%2:42:01::;boast%2:42:00::
frolic%2:38:00::;lark%2:38:00::;rollick%2:38:00::;skylark%2:38:00::;disport%2:38:00::;sport%2:38:00::;cavort%2:38:00::;gambol%2:38:00::;frisk%2:38:00::;romp%2:38:00::;run_around%2:38:00::;lark_about%2:38:00::
spirit%1:18:01::
spirit%1:26:00::;tone%1:26:01::;feel%1:26:00::;feeling%1:26:00::;flavor%1:26:00::;flavour%1:26:00::;look%1:26:00::;smell%1:26:00::
spirit%1:07:00::
spirit%1:18:00::;disembodied_spirit%1:18:00::
emotional_state%1:26:00::;spirit%1:26:01::
intent%1:10:00::;purport%1:10:00::;spirit%1:10:00::
liveliness%1:07:00::;life%1:07:01::;spirit%1:07:02::;sprightliness%1:07:00::
heart%1:07:04::;spirit%1:07:03::
advantage%1:07:00::;vantage%1:07:00::
advantage%1:23:00::
advantage%1:07:01::;reward%1:07:00::
include%2:42:00::
include%2:31:00::
include%2:30:00::
admit%2:41:00::;let_in%2:41:00::;include%2:41:03::
physical%3:00:00::
physical%3:01:00::
physical%5:00:00:material:01
physical%5:00:00:natural:03
physical%5:00:00:energetic:00
forcible%5:00:00:forceful:00;physical%5:00:00:forceful:00;strong-arm%5:00:00:forceful:00
physical%5:00:02:material:01
integrity%1:26:00::;unity%1:26:00::;wholeness%1:26:00::
integrity%1:07:00::
opposite%5:00:01:other:00
opposite%3:00:00::;paired%3:00:02::
opposite%5:00:02:other:00
opposite%5:00:00:other:00
opposite%5:00:02:different:00
diametric%5:00:02:different:00;diametrical%5:00:02:different:00;opposite%5:00:00:different:00;polar%5:00:00:different:00
aspect%1:09:00::;facet%1:09:00::
aspect%1:07:02::
view%1:09:01::;aspect%1:09:01::;prospect%1:09:00::;scene%1:09:00::;vista%1:09:00::;panorama%1:09:00::
aspect%1:24:00::
expression%1:07:00::;look%1:07:01::;aspect%1:07:01::;facial_expression%1:07:00::;face%1:07:03::
put%2:35:00::;set%2:35:00::;place%2:35:00::;pose%2:35:02::;position%2:35:00::;lay%2:35:01::
put%2:35:05::
frame%2:32:00::;redact%2:32:00::;cast%2:32:00::;put%2:32:00::;couch%2:32:00::
put%2:34:00::;assign%2:34:00::
place%2:31:13::;put%2:31:13::;set%2:31:13::
put%2:39:13::
put%2:36:13::
arrange%2:31:00::;set_up%2:31:00::;put%2:31:00::;order%2:31:01::
danger%1:26:00::
risk%1:04:00::;peril%1:04:00::;danger%1:04:00::
danger%1:26:01::
danger%1:15:00::
violent%3:00:00::
violent%5:00:00:unnatural:00
violent%5:00:03:intense:00;wild%5:00:00:intense:00
fierce%5:00:00:intense:00;tearing%5:00:00:intense:00;vehement%5:00:00:intense:00;violent%5:00:01:intense:00;trigger-happy%5:00:00:intense:00
crimson%5:00:00:bloody:00;red%5:00:02:bloody:00;violent%5:00:00:bloody:00
allude%2:32:00::;touch%2:32:09::;advert%2:32:01::
avoid%2:32:00::
debar%2:41:00::;forefend%2:41:00::;forfend%2:41:00::;obviate%2:41:00::;deflect%2:41:00::;avert%2:41:00::;head_off%2:41:00::;stave_off%2:41:00::;fend_off%2:41:00::;avoid%2:41:01::;ward_off%2:41:00::
avoid%2:41:03::
keep_off%2:34:00::;avoid%2:34:00::
invalidate%2:41:00::;annul%2:41:00::;quash%2:41:01::;void%2:41:00::;avoid%2:41:00::;nullify%2:41:00::
violator%1:18:01::;lawbreaker%1:18:00::;law_offender%1:18:00::
take%2:41:04::
take%2:40:06::;occupy%2:40:08::;use_up%2:40:02::
lead%2:38:01::;take%2:38:09::;direct%2:38:00::;conduct%2:38:01::;guide%2:38:00::
take%2:35:00::;get_hold_of%2:35:00::
assume%2:30:00::;acquire%2:30:00::;adopt%2:30:01::;take_on%2:30:00::;take%2:30:01::
take%2:31:07::;read%2:31:09::
take%2:40:00::
take%2:38:02::
choose%2:31:00::;take%2:31:01::;select%2:31:00::;pick_out%2:31:00::
accept%2:40:00::;take%2:40:05::;have%2:40:05::
fill%2:41:00::;take%2:41:00::;occupy%2:41:04::
consider%2:31:01::;take%2:31:03::;deal%2:31:10::;look_at%2:31:00::
necessitate%2:42:00::;ask%2:42:00::;postulate%2:42:00::;need%2:42:00::;require%2:42:00::;take%2:42:00::;involve%2:42:07::;call_for%2:42:00::;demand%2:42:00::
take%2:39:00::
film%2:32:00::;shoot%2:32:01::;take%2:32:02::
consume%2:34:00::;ingest%2:34:00::;take_in%2:34:00::;take%2:34:00::;have%2:34:00::
take%2:31:09::;submit%2:31:12::
take%2:40:15::;accept%2:40:12::
take%2:40:01::
assume%2:38:00::;take%2:38:00::;strike%2:38:08::;take_up%2:38:03::
accept%2:40:03::;admit%2:40:00::;take%2:40:07::;take_on%2:40:00::
take%2:30:08::
learn%2:31:02::;study%2:31:00::;read%2:31:05::;take%2:31:02::
claim%2:32:01::;take%2:32:00::;exact%2:32:01::
aim%2:33:00::;take%2:33:09::;train%2:33:00::;take_aim%2:33:00::;direct%2:33:00::
take%2:30:09::
lease%2:40:00::;rent%2:40:00::;hire%2:40:00::;charter%2:40:00::;engage%2:40:00::;take%2:40:03::
subscribe%2:40:00::;subscribe_to%2:40:00::;take%2:40:04::
take%2:40:02::
take%2:40:08::
take%2:35:14::;have%2:35:00::
claim%2:32:03::;take%2:32:09::
accept%2:42:00::;take%2:42:03::
contain%2:42:14::;take%2:42:15::;hold%2:42:14::
take%2:41:13::
drive%2:38:11::;take%2:38:11::
take%2:33:08::
unjustly%4:02:00::
happen%2:30:00::;hap%2:30:00::;go_on%2:30:00::;pass_off%2:30:00::;occur%2:30:00::;pass%2:30:00::;fall_out%2:30:00::;come_about%2:30:00::;take_place%2:30:00::
happen%2:30:02::;befall%2:30:00::;bechance%2:30:00::
happen%2:41:00::
happen%2:30:01::;materialize%2:30:00::;materialise%2:30:00::
find%2:40:02::;happen%2:40:12::;chance%2:40:12::;bump%2:40:12::;encounter%2:40:00::
either%4:02:00::
however%4:02:04::
however%4:02:02::
however%4:02:01::
paradoxical%5:00:00:inexplicable:00;self-contradictory%5:00:00:inexplicable:00
thing%1:26:00::
thing%1:04:00::
thing%1:09:00::
thing%1:06:00::
thing%1:11:00::
thing%1:10:00::
thing%1:06:01::
thing%1:07:00::
thing%1:09:01::
thing%1:12:00::
thing%1:03:00::
normally%4:02:00::;usually%4:02:00::;unremarkably%4:02:00::;commonly%4:02:00::;ordinarily%4:02:00::
qualify%2:32:01::;characterize%2:32:00::;characterise%2:32:00::
characterize%2:42:01::;characterise%2:42:01::
constructive_fraud%1:04:00::;legal_fraud%1:04:00::
misdemeanor%1:04:00::;misdemeanour%1:04:00::;infraction%1:04:00::;violation%1:04:00::;infringement%1:04:00::
violation%1:04:04::;infringement%1:04:01::
trespass%1:04:00::;encroachment%1:04:00::;violation%1:04:01::;intrusion%1:04:01::;usurpation%1:04:01::
irreverence%1:04:00::;violation%1:04:03::
rape%1:04:00::;violation%1:04:02::;assault%1:04:02::;ravishment%1:04:00::
secretly%4:02:00::;in_secret%4:02:00::;on_the_q.t.%4:02:00::;on_the_qt%4:02:00::
secretly%4:02:02::
try%2:41:00::;seek%2:41:00::;attempt%2:41:00::;essay%2:41:00::;assay%2:41:00::
judge%2:41:09::;adjudicate%2:41:03::;try%2:41:06::
sample%2:34:00::;try%2:34:00::;try_out%2:34:00::;taste%2:34:00::
hear%2:41:00::;try%2:41:05::
try%2:37:01::
try%2:37:00::;strain%2:37:00::;stress%2:37:00::
try%2:30:00::;render%2:30:04::
try_on%2:29:00::;try%2:29:00::
apparent%5:00:00:obvious:00;evident%5:00:00:obvious:00;manifest%5:00:00:obvious:00;patent%5:00:00:obvious:00;plain%5:00:00:obvious:00;unmistakable%5:00:00:obvious:00
discernible%5:00:00:noticeable:00;evident%5:00:00:noticeable:00;observable%5:00:00:noticeable:00
therefore%4:02:00::;hence%4:02:00::;thence%4:02:00::;thus%4:02:00::;so%4:02:10::
thus%4:02:01::;thusly%4:02:00::;so%4:02:04::
receive%2:40:00::;have%2:40:03::
pick_up%2:39:01::;receive%2:39:00::
receive%2:35:00::;take_in%2:35:01::;invite%2:35:12::
receive%2:31:00::
welcome%2:32:00::;receive%2:32:00::
receive%2:30:00::
meet%2:42:00::;encounter%2:42:02::;receive%2:42:00::
receive%2:41:00::
receive%2:34:00::
receive%2:31:08::
punishment%1:04:00::;penalty%1:04:00::;penalization%1:04:00::;penalisation%1:04:00::
wait%2:42:00::
wait%2:42:01::;hold_off%2:42:00::;hold_back%2:42:00::
expect%2:31:01::;look%2:31:00::;await%2:31:00::;wait%2:31:00::
wait%2:41:00::;waitress%2:41:00::
accept%2:31:00::
accept%2:32:00::;consent%2:32:00::;go_for%2:32:00::
accept%2:31:01::
bear%2:40:02::;take_over%2:40:06::;accept%2:40:01::;assume%2:40:01::
accept%2:31:03::;live_with%2:31:00::;swallow%2:31:03::
accept%2:40:07::
accept%2:31:08::
ailment%1:26:00::;complaint%1:26:00::;ill%1:26:00::
complaint%1:10:02::
complaint%1:10:00::
complaint%1:10:03::
charge%1:10:00::;complaint%1:10:04::
question%1:10:00::;inquiry%1:10:01::;enquiry%1:10:00::;query%1:10:00::;interrogation%1:10:02::
question%1:10:01::;head%1:10:02::
question%1:10:03::;interrogation%1:10:01::;interrogative%1:10:00::;interrogative_sentence%1:10:00::
doubt%1:07:00::;dubiousness%1:07:00::;doubtfulness%1:07:00::;question%1:07:00::
motion%1:10:01::;question%1:10:02::
question%1:10:04::
violator%1:18:00::;debaucher%1:18:00::;ravisher%1:18:00::
obtain%2:40:00::
prevail%2:42:01::;hold%2:42:02::;obtain%2:42:00::
necessary%3:00:00::
necessary%5:00:00:inevitable:00
state%1:15:01::;province%1:15:00::
state%1:03:00::
state%1:14:01::
state%1:14:00::;nation%1:14:00::;country%1:14:00::;land%1:14:00::;commonwealth%1:14:00::;res_publica%1:14:00::;body_politic%1:14:00::
state_of_matter%1:26:00::;state%1:26:02::
state%1:26:01::
country%1:15:00::;state%1:15:00::;land%1:15:02::
department_of_state%1:14:00::;united_states_department_of_state%1:14:00::;state_department%1:14:00::;state%1:14:02::;dos%1:14:00::
disadvantageous%3:00:00::
situation%1:26:00::;state_of_affairs%1:26:00::
situation%1:26:01::;position%1:26:02::
situation%1:26:02::
site%1:15:02::;situation%1:15:00::
position%1:04:01::;post%1:04:00::;berth%1:04:00::;office%1:04:02::;spot%1:04:01::;billet%1:04:00::;place%1:04:00::;situation%1:04:00::
rival%1:18:00::;challenger%1:18:00::;competitor%1:18:00::;competition%1:18:00::;contender%1:18:00::
benefit%1:21:00::
benefit%1:07:00::;welfare%1:07:00::
benefit%1:10:00::
consequence%1:19:00::;effect%1:19:00::;outcome%1:19:00::;result%1:19:00::;event%1:19:01::;issue%1:19:00::;upshot%1:19:00::
solution%1:10:00::;answer%1:10:02::;result%1:10:00::;resolution%1:10:00::;solvent%1:10:00::
result%1:11:00::;resultant%1:11:00::;final_result%1:11:00::;outcome%1:11:00::;termination%1:11:00::
resultant_role%1:10:00::;result%1:10:01::
think%2:31:03::;opine%2:31:02::;suppose%2:31:00::;imagine%2:31:01::;reckon%2:31:02::;guess%2:31:00::
speculate%2:31:01::;theorize%2:31:00::;theorise%2:31:00::;conjecture%2:31:00::;hypothesize%2:31:00::;hypothesise%2:31:00::;hypothecate%2:31:00::;suppose%2:31:01::
presuppose%2:31:01::;suppose%2:31:06::
presuppose%2:31:00::;suppose%2:31:05::
leave%2:38:01::;go_forth%2:38:00::;go_away%2:38:00::
leave%2:31:05::
leave%2:42:02::
leave%2:30:02::;leave_alone%2:30:00::;leave_behind%2:30:03::
exit%2:38:00::;go_out%2:38:00::;get_out%2:38:01::;leave%2:38:00::
leave%2:42:01::;allow_for%2:42:00::;allow%2:42:00::;provide%2:42:00::
leave%2:42:00::;result%2:42:02::;lead%2:42:04::
leave%2:41:00::;depart%2:41:00::;pull_up_stakes%2:41:00::
entrust%2:40:01::;leave%2:40:06::
bequeath%2:40:00::;will%2:40:00::;leave%2:40:01::
leave%2:42:03::
leave%2:30:03::;leave_behind%2:30:00::
impart%2:40:00::;leave%2:40:02::;give%2:40:09::;pass_on%2:40:03::
forget%2:31:02::;leave%2:31:02::
less%3:00:00::
less%5:00:00:inferior:02
less%5:00:00:fewer:00
useful%3:00:00::;utile%3:00:02::
utilitarian%5:00:00:functional:00;useful%5:00:00:functional:00
scheme%1:09:00::;strategy%1:09:00::
strategy%1:09:01::
baseball_club%1:14:00::;ball_club%1:14:00::;club%1:14:01::;nine%1:14:00::
club%1:14:00::;social_club%1:14:00::;society%1:14:01::;guild%1:14:00::;gild%1:14:00::;lodge%1:14:00::;order%1:14:02::
club%1:06:00::
clubhouse%1:06:00::;club%1:06:02::
golf_club%1:06:00::;golf-club%1:06:00::;club%1:06:01::
club%1:06:03::
cabaret%1:06:00::;nightclub%1:06:00::;night_club%1:06:00::;club%1:06:04::;nightspot%1:06:00::
count%2:32:00::;number%2:32:00::;enumerate%2:32:01::;numerate%2:32:00::
count%2:42:00::;matter%2:42:00::;weigh%2:42:03::
consider%2:32:00::;count%2:32:03::;weigh%2:32:00::
count%2:32:01::
count%2:42:01::;number%2:42:01::
count%2:31:00::
count%2:42:04::
count%2:31:02::;bet%2:31:00::;depend%2:31:00::;look%2:31:02::;calculate%2:31:05::;reckon%2:31:05::
reckon%2:31:13::;count%2:31:12::
dwell%2:42:01::;consist%2:42:00::;lie%2:42:01::;lie_in%2:42:00::
consist%2:42:04::
consist%2:42:02::
consist%2:42:01::;comprise%2:42:01::
begin%2:42:00::;start%2:42:00::
begin%2:30:01::;lead_off%2:30:00::;start%2:30:01::;commence%2:30:01::
begin%2:32:03::
begin%2:42:02::
begin%2:42:04::
begin%2:42:03::;start%2:42:03::
begin%2:41:04::;start%2:41:04::
begin%2:41:00::
begin%2:32:04::
championship%1:26:00::;title%1:26:00::
championship%1:11:00::
backing%1:04:00::;backup%1:04:00::;championship%1:04:00::;patronage%1:04:00::
endanger%2:42:00::;jeopardize%2:42:00::;jeopardise%2:42:00::;menace%2:42:00::;threaten%2:42:00::;imperil%2:42:00::;peril%2:42:00::
threaten%2:32:00::
threaten%2:32:01::
engagement%1:04:00::;participation%1:04:00::;involvement%1:04:00::;involution%1:04:02::
participation%1:26:00::;involvement%1:26:01::
future%3:00:00::
future%5:00:00:prospective:00
future%3:01:00::
long%3:00:02::
long%3:00:01::
long%5:00:00:tall:00
retentive%3:00:00::;recollective%3:00:00::;long%3:00:00::;tenacious%3:00:00::
long%3:00:05::
long%3:00:04::
long%5:00:00:unsound:00
farseeing%5:00:00:provident:00;farsighted%5:00:00:provident:00;foresighted%5:00:00:provident:00;foresightful%5:00:00:provident:00;prospicient%5:00:00:provident:00;long%5:00:00:provident:00;longsighted%5:00:00:provident:00
long%5:00:00:abundant:00
term%1:10:00::
term%1:28:00::
condition%1:10:02::;term%1:10:02::
term%1:09:00::
term%1:10:01::
term%1:28:01::;full_term%1:28:00::
terminus%1:06:02::;terminal_figure%1:06:00::;term%1:06:00::
certain%5:00:00:definite:00
certain%3:00:02::;sure%3:00:00::
certain%3:00:01::
certain%3:00:03::;sure%3:00:04::
sealed%3:00:02::;certain%3:00:05::
certain%5:00:00:reliable:00;sure%5:00:00:reliable:00
certain%5:00:00:careful:00;sure%5:00:00:careful:00
degree%1:07:00::;grade%1:07:00::;level%1:07:00::
degree%1:26:01::;level%1:26:00::;stage%1:26:00::;point%1:26:00::
academic_degree%1:10:00::;degree%1:10:00::
degree%1:23:00::;arcdegree%1:23:00::
degree%1:09:00::
degree%1:23:03::
degree%1:07:01::
indefiniteness%1:07:00::;indeterminateness%1:07:00::;indefinity%1:07:00::;indetermination%1:07:00::;indeterminacy%1:07:00::
extinguish%2:30:03::;eliminate%2:30:01::;get_rid_of%2:30:00::;do_away_with%2:30:00::
obviate%2:42:00::;rid_of%2:42:00::;eliminate%2:42:01::
eliminate%2:30:00::;annihilate%2:30:00::;extinguish%2:30:01::;eradicate%2:30:00::;wipe_out%2:30:00::;decimate%2:30:00::;carry_off%2:30:00::
rule_out%2:31:00::;eliminate%2:31:00::;winnow_out%2:31:00::;reject%2:31:02::
excrete%2:29:00::;egest%2:29:00::;eliminate%2:29:00::;pass%2:29:00::
eliminate%2:33:00::
eliminate%2:30:06::
first%4:02:00::;firstly%4:02:00::;foremost%4:02:01::;first_of_all%4:02:00::;first_off%4:02:00::
first%4:02:02::;for_the_first_time%4:02:00::
first%4:02:03::
foremost%4:02:00::;first%4:02:01::
change%1:11:00::;alteration%1:11:00::;modification%1:11:00::
change%1:24:00::
change%1:04:00::
change%1:19:00::
change%1:21:02::
change%1:06:01::
change%1:06:00::
change%1:21:01::
change%1:21:03::
variety%1:07:01::;change%1:07:00::
addition%1:06:00::;add-on%1:06:00::;improver%1:06:00::
addition%1:04:02::
addition%1:23:00::;increase%1:23:00::;gain%1:23:00::
accession%1:21:00::;addition%1:21:00::
addition%1:15:00::
summation%1:04:01::;addition%1:04:01::;plus%1:04:00::
travel%2:38:00::;go%2:38:00::;move%2:38:03::;locomote%2:38:00::
go%2:41:00::;proceed%2:41:00::;move%2:41:01::
go%2:38:01::;go_away%2:38:05::;depart%2:38:04::
go%2:42:06::
run%2:42:04::;go%2:42:02::
run%2:42:00::;go%2:42:00::;pass%2:42:08::;lead%2:42:00::;extend%2:42:03::
proceed%2:30:00::;go%2:30:01::
go%2:30:08::
go%2:42:07::
sound%2:39:00::;go%2:39:00::
function%2:35:00::;work%2:35:02::;operate%2:35:03::;go%2:35:00::;run%2:35:00::
run_low%2:34:00::;run_short%2:34:00::;go%2:34:00::
move%2:30:01::;go%2:30:02::;run%2:30:02::
survive%2:42:01::;last%2:42:01::;live%2:42:04::;live_on%2:42:00::;go%2:42:14::;endure%2:42:00::;hold_up%2:42:00::;hold_out%2:42:00::
go%2:42:03::
die%2:30:00::;decease%2:30:00::;perish%2:30:00::;go%2:30:00::;exit%2:30:00::;pass_away%2:30:00::;expire%2:30:00::;pass%2:30:11::;kick_the_bucket%2:30:00::;cash_in_one's_chips%2:30:00::;buy_the_farm%2:30:00::;conk%2:30:00::;give-up_the_ghost%2:30:00::;drop_dead%2:30:00::;pop_off%2:30:00::;choke%2:30:01::;croak%2:30:00::;snuff_it%2:30:00::
belong%2:42:03::;go%2:42:04::
go%2:42:10::
start%2:38:00::;go%2:38:09::;get_going%2:38:00::
move%2:33:00::;go%2:33:00::
go%2:42:13::
go%2:42:12::
blend%2:42:00::;go%2:42:11::;blend_in%2:42:00::
go%2:42:08::;lead%2:42:03::
fit%2:42:02::;go%2:42:05::
rifle%2:35:13::;go%2:35:13::
go%2:34:09::
plump%2:31:12::;go%2:31:12::
fail%2:30:00::;go_bad%2:30:01::;give_way%2:30:00::;die%2:30:04::;give_out%2:30:00::;conk_out%2:30:00::;go%2:30:03::;break%2:30:05::;break_down%2:30:00::
cycle%1:28:00::;rhythm%1:28:00::;round%1:28:01::
cycle%1:14:00::
cycle%1:11:02::
hertz%1:28:00::;hz%1:28:00::;cycle_per_second%1:28:00::;cycles/second%1:28:00::;cps%1:28:00::;cycle%1:28:02::
cycle%1:11:01::;oscillation%1:11:01::
bicycle%1:06:00::;bike%1:06:00::;wheel%1:06:06::;cycle%1:06:00::
suspension%1:27:00::
pause%1:28:00::;intermission%1:28:00::;break%1:28:00::;interruption%1:28:00::;suspension%1:28:00::
abeyance%1:26:00::;suspension%1:26:00::
suspension%1:11:00::;respite%1:11:00::;reprieve%1:11:00::;hiatus%1:11:00::;abatement%1:11:01::
suspension%1:06:00::;suspension_system%1:06:00::
suspension%1:04:00::;dangling%1:04:00::;hanging%1:04:01::
suspension%1:04:01::;temporary_removal%1:04:00::
accretion%1:22:00::;accumulation%1:22:00::
collection%1:14:00::;aggregation%1:14:00::;accumulation%1:14:00::;assemblage%1:14:01::
accumulation%1:04:00::;accrual%1:04:00::;accruement%1:04:00::
accumulation%1:21:00::
topographic_point%1:15:00::;place%1:15:00::;spot%1:15:01::
place%1:15:04::;property%1:15:00::
place%1:09:00::
place%1:15:01::
stead%1:04:00::;position%1:04:03::;place%1:04:01::;lieu%1:04:00::
place%1:26:01::;shoes%1:26:00::
home%1:15:04::;place%1:15:06::
position%1:15:00::;place%1:15:05::
place%1:26:00::;station%1:26:00::
seat%1:15:01::;place%1:15:03::
place%1:10:00::
place%1:26:02::
plaza%1:15:00::;place%1:15:02::;piazza%1:15:00::
place%1:10:02::;position%1:10:01::
space%1:10:01::;blank_space%1:10:00::;place%1:10:01::
first%3:00:00::
first%5:00:00:ordinal:00;1st%5:00:00:ordinal:00
inaugural%5:00:00:opening:00;initiative%5:00:00:opening:00;initiatory%5:00:00:opening:00;first%5:00:02:opening:00;maiden%5:00:00:opening:00
beginning%5:00:00:opening:00;first%5:00:01:opening:00
first%5:00:00:best:00;foremost%5:00:00:best:00;world-class%5:00:00:best:00
first%3:00:03::
pass%2:38:00::;go_through%2:38:00::;go_across%2:38:00::
travel_by%2:38:01::;pass_by%2:38:00::;surpass%2:38:00::;go_past%2:38:00::;go_by%2:38:01::;pass%2:38:05::
legislate%2:41:00::;pass%2:41:02::
elapse%2:38:00::;lapse%2:38:00::;pass%2:38:03::;slip_by%2:38:00::;glide_by%2:38:00::;slip_away%2:38:00::;go_by%2:38:00::;slide_by%2:38:00::;go_along%2:38:02::
pass%2:40:00::;hand%2:40:00::;reach%2:40:00::;pass_on%2:40:01::;turn_over%2:40:00::;give%2:40:06::
pass%2:38:01::;overtake%2:38:00::;overhaul%2:38:00::
pass%2:41:04::;clear%2:41:01::
spend%2:42:00::;pass%2:42:00::
guide%2:35:00::;run%2:35:01::;draw%2:35:13::;pass%2:35:00::
communicate%2:32:01::;pass_on%2:32:00::;pass%2:32:01::;pass_along%2:32:00::;put_across%2:32:00::
evanesce%2:30:00::;fade%2:30:00::;blow_over%2:30:00::;pass_off%2:30:01::;fleet%2:30:00::;pass%2:30:01::
pass%2:41:08::;make_it%2:41:05::
exceed%2:42:00::;transcend%2:42:01::;overstep%2:42:00::;pass%2:42:04::;go_past%2:42:00::;top%2:42:00::
pass%2:41:07::
pass%2:41:11::
pass%2:40:02::
sink%2:38:07::;pass%2:38:02::;lapse%2:38:01::
pass%2:40:01::
fall%2:40:13::;return%2:40:13::;pass%2:40:13::;devolve%2:40:13::
pass%2:38:04::;make_pass%2:38:00::
authorize%2:32:00::;authorise%2:32:00::;pass%2:32:00::;clear%2:32:01::
round%1:06:01::;unit_of_ammunition%1:06:00::;one_shot%1:06:00::
beat%1:15:00::;round%1:15:00::
round%1:04:00::
round_of_golf%1:04:00::;round%1:04:03::
round%1:04:01::;daily_round%1:04:00::
turn%1:28:00::;bout%1:28:00::;round%1:28:00::
round%1:17:00::
round%1:13:01::;round_of_drinks%1:13:00::
round%1:13:00::
round%1:10:00::;troll%1:10:00::
round%1:10:01::
rung%1:06:01::;round%1:06:03::;stave%1:06:02::
circle%1:06:00::;round%1:06:00::
clear%3:00:00::
clear%5:00:00:clearheaded:00
clear%5:00:00:unobstructed:00;open%5:00:00:unobstructed:00
clear%3:00:02::
clear%5:00:02:free:00
clear%5:00:00:untroubled:00
clean%5:00:01:pure:02;clear%5:00:01:pure:02;light%5:00:00:pure:02;unclouded%5:00:00:pure:02
clear%5:00:00:unencumbered:00;unmortgaged%5:00:00:unencumbered:00
clear%5:00:00:distinct:00;clean-cut%5:00:00:distinct:00;clear-cut%5:00:00:distinct:00
well-defined%3:00:00::;clear%3:00:04::
clear%3:00:03::
clean%5:00:00:unqualified:02;clear%5:00:00:unqualified:02
clear%5:00:00:perfect:00
clear%5:00:00:net:00
clear%5:00:00:legible:00;decipherable%5:00:00:legible:00;readable%5:00:00:legible:00
absolved%5:00:00:innocent:00;clear%5:00:00:innocent:00;cleared%5:00:00:innocent:00;exculpated%5:00:00:innocent:00;exonerated%5:00:00:innocent:00;vindicated%5:00:00:innocent:00
clear%5:00:00:discerning:00;percipient%5:00:00:discerning:00
truly%4:02:00::;genuinely%4:02:00::;really%4:02:03::
actually%4:02:01::;really%4:02:04::
in_truth%4:02:01::;really%4:02:02::;truly%4:02:04::
very%4:02:00::;really%4:02:00::;real%4:02:01::;rattling%4:02:00::
strategic%3:01:00::;strategical%3:01:00::
strategic%5:00:00:important:00
decision%1:04:00::;determination%1:04:01::;conclusion%1:04:01::
decision%1:09:00::;determination%1:09:00::;conclusion%1:09:00::
decision%1:11:02::
decision%1:11:01::
decisiveness%1:07:00::;decision%1:07:00::
prefer%2:41:00::;favor%2:41:00::;favour%2:41:00::
favor%2:31:00::;favour%2:31:00::
favor%2:41:01::;favour%2:41:01::
privilege%2:41:00::;favor%2:41:03::;favour%2:41:03::
let%2:41:00::;allow%2:41:00::;permit%2:41:00::
permit%2:32:00::;allow%2:32:00::;let%2:32:02::;countenance%2:32:00::
allow%2:40:00::;grant%2:40:01::
allow%2:31:01::;appropriate%2:31:00::;earmark%2:31:00::;set_aside%2:31:00::;reserve%2:31:00::
allow%2:31:00::;take_into_account%2:31:00::
admit%2:42:06::;allow%2:42:07::
give_up%2:41:00::;allow%2:41:01::
allow%2:40:01::
allow%2:32:06::;permit%2:32:06::;tolerate%2:32:01::
see%2:31:00::;consider%2:31:00::;reckon%2:31:00::;view%2:31:00::;regard%2:31:00::
regard%2:39:00::;consider%2:39:04::
involve%2:42:01::;affect%2:42:00::;regard%2:42:00::
premise%1:10:00::;premiss%1:10:00::;assumption%1:10:00::
assumption%1:09:00::;supposition%1:09:00::;supposal%1:09:00::
assumption%1:04:00::;laying_claim%1:04:00::
assumption%1:28:00::;assumption_of_mary%1:28:00::;august_15%1:28:00::
assumption%1:11:00::
presumption%1:07:00::;presumptuousness%1:07:00::;effrontery%1:07:00::;assumption%1:07:00::
assumption%1:04:01::
act%2:41:00::;move%2:41:00::
act%2:29:00::;behave%2:29:00::;do%2:29:09::
act%2:33:00::
act%2:42:00::
work%2:41:03::;act%2:41:06::
act%2:41:07::
dissemble%2:36:00::;pretend%2:36:00::;act%2:36:04::
order%1:10:03::
order%1:07:01::;order_of_magnitude%1:07:00::
order%1:26:00::
ordering%1:14:00::;order%1:14:00::;ordination%1:14:00::
orderliness%1:26:00::;order%1:26:02::
decree%1:10:00::;edict%1:10:00::;fiat%1:10:00::;order%1:10:00::;rescript%1:10:03::
order%1:10:01::;purchase_order%1:10:00::
order%1:10:02::;rules_of_order%1:10:00::;parliamentary_law%1:10:00::;parliamentary_procedure%1:10:00::
holy_order%1:26:00::;order%1:26:01::
order%1:14:03::;monastic_order%1:14:00::
order%1:14:01::
order%1:10:04::
order%1:07:00::
order%1:04:00::;ordering%1:04:00::
application%1:04:02::;practical_application%1:04:00::
application%1:10:00::
application%1:04:03::;coating%1:04:00::;covering%1:04:01::
application%1:10:01::;application_program%1:10:00::;applications_programme%1:10:00::
lotion%1:06:01::;application%1:06:00::
application%1:04:01::;diligence%1:04:00::
application%1:04:00::
choose%2:31:02::;prefer%2:31:00::;opt%2:31:00::
choose%2:31:01::
obey%2:41:00::
boundary_line%1:15:00::;border%1:15:00::;borderline%1:15:00::;delimitation%1:15:00::;mete%1:15:00::
margin%1:25:00::;border%1:25:00::;perimeter%1:25:00::
edge%1:15:00::;border%1:15:01::
molding%1:06:00::;moulding%1:06:00::;border%1:06:01::
border%1:06:00::
diffuse%5:00:00:distributed:00
soft%3:00:05::;diffuse%3:00:00::;diffused%3:00:00::
diffuse%5:00:00:prolix:00
juncture%1:11:00::;occasion%1:11:00::
affair%1:11:00::;occasion%1:11:01::;social_occasion%1:11:00::;function%1:11:00::;social_function%1:11:00::
occasion%1:16:00::
occasion%1:28:00::
occasion%1:26:00::
believe%2:31:00::
think%2:31:01::;believe%2:31:04::;consider%2:31:08::;conceive%2:31:00::
believe%2:31:03::;trust%2:31:02::
believe%2:31:01::
believe%2:31:02::
controversy%1:10:00::;contention%1:10:00::;contestation%1:10:00::;disputation%1:10:01::;disceptation%1:10:00::;tilt%1:10:00::;argument%1:10:03::;arguing%1:10:00::
factor%1:11:00::
component%1:09:00::;constituent%1:09:00::;element%1:09:00::;factor%1:09:00::;ingredient%1:09:00::
divisor%1:23:01::;factor%1:23:00::
agent%1:18:01::;factor%1:18:00::;broker%1:18:00::
factor%1:23:01::
factor%1:09:01::
gene%1:08:00::;cistron%1:08:00::;factor%1:08:00::
car%1:06:00::;auto%1:06:00::;automobile%1:06:00::;machine%1:06:01::;motorcar%1:06:00::
transmission%1:04:01::;transmittal%1:04:00::;transmitting%1:04:00::
transmission%1:10:00::
transmittance%1:23:00::;transmission%1:23:00::
infection%1:11:00::;contagion%1:11:00::;transmission%1:11:00::
transmission%1:06:01::;transmission_system%1:06:00::
directive%1:10:00::
much%4:02:00::
much%4:02:03::
a_lot%4:02:00::;lots%4:02:00::;a_good_deal%4:02:00::;a_great_deal%4:02:00::;much%4:02:04::;very_much%4:02:01::
much%4:02:01::;practically%4:02:02::
much%4:02:06::;a_great_deal%4:02:03::;often%4:02:01::
ethical%3:01:00::
ethical%3:00:00::
ethical%5:00:00:right:01;honorable%5:00:00:right:01;honourable%5:00:00:right:01
aesthetic%3:01:00::;esthetic%3:01:00::
aesthetic%3:00:00::;esthetic%3:00:00::;aesthetical%3:00:00::;esthetical%3:00:00::
aesthetic%5:00:00:tasteful:02;esthetic%5:00:00:tasteful:02;artistic%5:00:00:tasteful:02
