tuesday%1:28:00::;tues%1:28:00::
mob%1:14:00::;rabble%1:14:00::;rout%1:14:00::
rout%1:11:00::
congressional%3:01:00::
aspirant%1:18:00::;aspirer%1:18:00::;hopeful%1:18:00::;wannabe%1:18:00::;wannabee%1:18:00::
district%1:15:00::;territory%1:15:00::;territorial_dominion%1:15:00::;dominion%1:15:00::
back%2:41:00::;endorse%2:41:00::;indorse%2:41:00::;plump_for%2:41:00::;plunk_for%2:41:00::;support%2:41:01::
back%2:38:00::
second%2:41:00::;back%2:41:01::;endorse%2:41:02::;indorse%2:41:02::
back%2:38:01::
back%2:40:00::
back%2:42:00::
bet_on%2:33:00::;back%2:33:00::;gage%2:33:00::;stake%2:33:00::;game%2:33:00::;punt%2:33:00::
back%2:30:03::
back%2:30:00::;back_up%2:30:00::
back%2:30:01::
democratic%3:00:00::
democratic%3:01:00::
democratic%5:00:00:common:01;popular%5:00:01:common:01
presidential%3:01:00::
presidential%3:00:00::
campaigner%1:18:00::;candidate%1:18:01::;nominee%1:18:00::
candidate%1:18:00::;prospect%1:18:00::
stevenson%1:18:01::;robert_louis_stevenson%1:18:00::;robert_louis_balfour_stevenson%1:18:00::
stevenson%1:18:00::;adlai_stevenson%1:18:00::;adlai_ewing_stevenson%1:18:00::
reminder%1:10:00::
reminder%1:09:00::
admonisher%1:18:00::;monitor%1:18:00::;reminder%1:18:00::
least%3:00:00::
federal%5:00:00:national:01
federal%3:01:02::
union%5:00:00:northern:02;federal%5:00:00:northern:02
federal%3:00:00::
degree%1:07:00::;grade%1:07:00::;level%1:07:00::
grade%1:26:00::;level%1:26:01::;tier%1:26:00::
degree%1:26:01::;level%1:26:00::;stage%1:26:00::;point%1:26:00::
level%1:07:01::
level%1:06:00::;spirit_level%1:06:00::
horizontal_surface%1:06:00::;level%1:06:03::
level%1:09:00::;layer%1:09:00::;stratum%1:09:00::
floor%1:06:01::;level%1:06:01::;storey%1:06:00::;story%1:06:00::
political%3:00:00::
political%3:01:01::
political%3:01:02::
ticket%1:10:01::
tag%1:10:00::;ticket%1:10:03::
ticket%1:10:00::
slate%1:10:02::;ticket%1:10:02::
ticket%1:07:00::;just_the_ticket%1:07:00::
rise%1:11:00::
rise%1:04:00::;ascent%1:04:00::;ascension%1:04:00::;ascending%1:04:00::
ascent%1:17:00::;acclivity%1:17:00::;rise%1:17:00::;raise%1:17:00::;climb%1:17:00::;upgrade%1:17:00::
rise%1:11:02::;rising%1:11:00::;ascent%1:11:00::;ascension%1:11:00::
raise%1:07:00::;rise%1:07:02::;wage_hike%1:07:00::;hike%1:07:00::;wage_increase%1:07:00::;salary_increase%1:07:00::
upgrade%1:07:00::;rise%1:07:01::;rising_slope%1:07:00::
lift%1:11:01::;rise%1:11:01::
emanation%1:11:00::;rise%1:11:03::;procession%1:11:00::
rise%1:07:03::;boost%1:07:00::;hike%1:07:01::;cost_increase%1:07:00::
advance%1:04:01::;rise%1:04:01::
past%3:00:00::
past%5:00:00:outgoing:00;preceding%5:00:00:outgoing:00;retiring%5:00:00:outgoing:00
half-century%1:28:00::
election%1:04:01::
election%1:04:00::
election%1:26:00::
election%1:09:00::
year%1:28:01::;twelvemonth%1:28:00::;yr%1:28:00::
year%1:28:02::
year%1:28:00::
class%1:14:04::;year%1:14:00::
percentage%1:24:00::;percent%1:24:00::;per_centum%1:24:00::;pct%1:24:00::
state%1:14:00::;nation%1:14:00::;country%1:14:00::;land%1:14:00::;commonwealth%1:14:00::;res_publica%1:14:00::;body_politic%1:14:00::
nation%1:14:01::;land%1:14:01::;country%1:14:01::
nation%1:18:00::;carry_nation%1:18:00::;carry_amelia_moore_nation%1:18:00::
nation%1:14:02::
choose%2:31:00::;take%2:31:01::;select%2:31:00::;pick_out%2:31:00::
choose%2:31:02::;prefer%2:31:00::;opt%2:31:00::
choose%2:31:01::
different%3:00:00::
different%5:00:00:other:00
different%5:00:00:unusual:00
unlike%3:00:00::;dissimilar%3:00:02::;different%3:00:02::
different%5:00:01:other:00
party%1:14:01::;political_party%1:14:00::
party%1:14:00::
party%1:14:02::;company%1:14:06::
party%1:11:00::
party%1:18:00::
white%1:18:00::;white_person%1:18:00::;caucasian%1:18:00::
white%1:07:00::;whiteness%1:07:00::
white%1:18:06::;edward_white%1:18:00::;edward_d._white%1:18:00::;edward_douglas_white_jr.%1:18:00::
white%1:18:05::;patrick_white%1:18:00::;patrick_victor_martindale_white%1:18:00::
white%1:18:04::;t._h._white%1:18:00::;theodore_harold_white%1:18:00::
white%1:18:03::;stanford_white%1:18:00::
white%1:18:02::;e._b._white%1:18:00::;elwyn_brooks_white%1:18:00::
white%1:18:01::;andrew_d._white%1:18:00::;andrew_dickson_white%1:18:00::
white%1:17:00::;white_river%1:17:00::
egg_white%1:13:00::;white%1:13:00::;albumen%1:13:00::;ovalbumin%1:13:00::
white%1:06:01::
flannel%1:06:03::;gabardine%1:06:03::;tweed%1:06:03::;white%1:06:03::
house%1:06:00::
firm%1:14:00::;house%1:14:01::;business_firm%1:14:00::
house%1:14:04::
house%1:14:03::
house%1:14:02::
house%1:14:00::
house%1:04:00::
sign_of_the_zodiac%1:15:00::;star_sign%1:15:00::;sign%1:15:00::;mansion%1:15:00::;house%1:15:00::;planetary_house%1:15:00::
house%1:14:06::
family%1:14:02::;household%1:14:00::;house%1:14:05::;home%1:14:00::;menage%1:14:00::
theater%1:06:00::;theatre%1:06:00::;house%1:06:02::
house%1:06:01::
representative%1:18:00::
spokesperson%1:18:00::;interpreter%1:18:00::;representative%1:18:02::;voice%1:18:00::
congressman%1:18:00::;congresswoman%1:18:00::;representative%1:18:01::
example%1:09:00::;illustration%1:09:02::;instance%1:09:00::;representative%1:09:00::
share%1:21:00::;portion%1:21:00::;part%1:21:00::;percentage%1:21:00::
routinely%4:02:00::
equal%2:42:00::;be%2:42:07::
equal%2:42:01::;touch%2:42:02::;rival%2:42:00::;match%2:42:01::
equal%2:30:00::;match%2:30:07::;equalize%2:30:00::;equalise%2:30:00::;equate%2:30:00::
third%5:00:00:ordinal:00;3rd%5:00:00:ordinal:00;tertiary%5:00:00:ordinal:00
twice%4:02:00::
doubly%4:02:00::;double%4:02:00::;twice%4:02:01::
know%2:31:01::;cognize%2:31:00::;cognise%2:31:00::
know%2:31:03::
know%2:31:02::
know%2:31:00::
know%2:31:04::;experience%2:31:00::;live%2:31:00::
acknowledge%2:31:09::;recognize%2:31:02::;recognise%2:31:02::;know%2:31:06::
know%2:31:15::
sleep_together%2:35:00::;roll_in_the_hay%2:35:00::;love%2:35:00::;make_out%2:35:00::;make_love%2:35:00::;sleep_with%2:35:00::;get_laid%2:35:00::;have_sex%2:35:00::;know%2:35:00::;do_it%2:35:00::;be_intimate%2:35:00::;have_intercourse%2:35:00::;have_it_away%2:35:00::;have_it_off%2:35:00::;screw%2:35:04::;fuck%2:35:00::;jazz%2:35:00::;eff%2:35:00::;hump%2:35:00::;lie_with%2:35:00::;bed%2:35:00::;have_a_go_at_it%2:35:00::;bang%2:35:04::;get_it_on%2:35:00::;bonk%2:35:01::
know%2:31:11::
know%2:31:12::
know%2:31:14::
voter%1:18:00::;elector%1:18:00::
tend%2:42:01::;be_given%2:42:00::;lean%2:42:01::;incline%2:42:01::;run%2:42:01::
tend%2:41:00::
tend%2:41:01::
prefer%2:41:00::;favor%2:41:00::;favour%2:41:00::
favor%2:31:00::;favour%2:31:00::
favor%2:41:01::;favour%2:41:01::
privilege%2:41:00::;favor%2:41:03::;favour%2:41:03::
republican%1:18:01::
republican%1:18:00::
republican%1:17:00::;republican_river%1:17:00::
race%1:11:01::
race%1:11:00::
race%1:14:00::
subspecies%1:14:00::;race%1:14:01::
slipstream%1:19:00::;airstream%1:19:01::;race%1:19:00::;backwash%1:19:00::;wash%1:19:00::
raceway%1:06:00::;race%1:06:00::
president%1:18:01::
president_of_the_united_states%1:18:00::;united_states_president%1:18:00::;president%1:18:04::;chief_executive%1:18:00::
president%1:18:00::
president%1:18:03::;chairman%1:18:01::;chairwoman%1:18:01::;chair%1:18:00::;chairperson%1:18:00::
president%1:18:02::;prexy%1:18:00::
president_of_the_united_states%1:04:00::;president%1:04:04::;chief_executive%1:04:00::
congress%1:14:01::;united_states_congress%1:14:00::;u.s._congress%1:14:00::;us_congress%1:14:00::
congress%1:14:00::
congress%1:14:02::
sexual_intercourse%1:04:00::;intercourse%1:04:02::;sex_act%1:04:00::;copulation%1:04:00::;coitus%1:04:00::;coition%1:04:00::;sexual_congress%1:04:00::;congress%1:04:01::;sexual_relation%1:04:00::;relation%1:04:01::;carnal_knowledge%1:04:00::
campaigning%1:04:00::;candidacy%1:04:00::;candidature%1:04:00::;electioneering%1:04:00::;political_campaign%1:04:00::
capture%2:36:00::
capture%2:37:00::;enamour%2:37:00::;trance%2:37:00::;catch%2:37:05::;becharm%2:37:00::;enamor%2:37:00::;captivate%2:37:00::;beguile%2:37:00::;charm%2:37:00::;fascinate%2:37:01::;bewitch%2:37:00::;entrance%2:37:00::;enchant%2:37:01::
get%2:35:09::;catch%2:35:01::;capture%2:35:01::
capture%2:40:01::
appropriate%2:40:00::;capture%2:40:00::;seize%2:40:01::;conquer%2:40:00::
capture%2:35:00::;catch%2:35:03::
greater%3:00:00::
major%3:00:06::
major%3:00:02::
major%3:00:01::
major%3:00:05::
major%3:00:04::
major%3:00:07::
major%3:00:03::
major%5:00:00:senior:00
popular%3:00:00::
popular%5:00:00:democratic:00
popular%5:00:00:nonclassical:00;pop%5:00:00:nonclassical:00
vote%1:04:00::;ballot%1:04:00::;voting%1:04:00::;balloting%1:04:00::
vote%1:04:01::
right_to_vote%1:07:00::;vote%1:07:00::;suffrage%1:07:00::
vote%1:14:00::
vote%1:09:00::;voter_turnout%1:09:00::
seat%1:15:01::;place%1:15:03::
buttocks%1:08:00::;nates%1:08:00::;arse%1:08:01::;butt%1:08:00::;backside%1:08:00::;bum%1:08:00::;buns%1:08:00::;can%1:08:00::;fundament%1:08:00::;hindquarters%1:08:00::;hind_end%1:08:00::;keister%1:08:00::;posterior%1:08:00::;prat%1:08:00::;rear%1:08:00::;rear_end%1:08:00::;rump%1:08:00::;stern%1:08:00::;seat%1:08:00::;tail%1:08:01::;tail_end%1:08:00::;tooshie%1:08:00::;tush%1:08:00::;bottom%1:08:00::;behind%1:08:00::;derriere%1:08:00::;fanny%1:08:00::;ass%1:08:00::
seat%1:06:01::
seat%1:06:00::
seat%1:15:00::
seat%1:15:02::
seat%1:07:00::
seat%1:06:03::
seat%1:06:02::
form%1:09:00::;shape%1:09:00::;pattern%1:09:00::
practice%1:04:00::;pattern%1:04:00::
design%1:06:00::;pattern%1:06:00::;figure%1:06:01::
convention%1:09:00::;normal%1:09:00::;pattern%1:09:03::;rule%1:09:01::;formula%1:09:00::
pattern%1:09:01::
blueprint%1:09:00::;design%1:09:02::;pattern%1:09:02::
traffic_pattern%1:15:00::;approach_pattern%1:15:00::;pattern%1:15:00::
radiation_pattern%1:10:00::;radiation_diagram%1:10:00::;pattern%1:10:00::
about%4:02:05::;almost%4:02:00::;most%4:02:02::;nearly%4:02:00::;near%4:02:03::;nigh%4:02:01::;virtually%4:02:02::;well-nigh%4:02:00::
closely%4:02:01::;intimately%4:02:00::;nearly%4:02:02::
antonym%1:10:00::;opposite_word%1:10:00::;opposite%1:10:00::
reverse%1:24:00::;contrary%1:24:01::;opposite%1:24:03::
opposition%1:18:01::;opponent%1:18:02::;opposite%1:18:00::
inverse%1:24:02::;opposite%1:24:04::
account%2:42:01::
account%2:40:00::;calculate%2:40:00::
report%2:32:00::;describe%2:32:01::;account%2:32:02::
account%2:32:00::;answer_for%2:32:00::
consequence%1:19:00::;effect%1:19:00::;outcome%1:19:00::;result%1:19:00::;event%1:19:01::;issue%1:19:00::;upshot%1:19:00::
solution%1:10:00::;answer%1:10:02::;result%1:10:00::;resolution%1:10:00::;solvent%1:10:00::
result%1:11:00::;resultant%1:11:00::;final_result%1:11:00::;outcome%1:11:00::;termination%1:11:00::
resultant_role%1:10:00::;result%1:10:01::
recent%5:00:00:new:00
late%5:00:00:past:00;recent%5:00:00:past:00
decade%1:28:00::;decennary%1:28:00::;decennium%1:28:00::
ten%1:23:00::;10%1:23:00::;x%1:23:00::;tenner%1:23:00::;decade%1:23:00::
simple%3:00:02::
elementary%5:00:00:easy:01;simple%5:00:00:easy:01;uncomplicated%5:00:00:easy:01;unproblematic%5:00:00:easy:01
bare%5:00:00:plain:01;mere%5:00:00:plain:01;simple%5:00:02:plain:01
childlike%5:00:00:naive:00;wide-eyed%5:00:00:naive:00;round-eyed%5:00:00:naive:00;dewy-eyed%5:00:00:naive:00;simple%5:00:00:naive:00
dim-witted%5:00:00:retarded:00;simple%5:00:00:retarded:00;simple-minded%5:00:00:retarded:00
simple%3:00:01::;unsubdivided%3:00:00::
simple%5:00:00:plain:01
economic%3:01:01::;economical%3:01:00::
economic%3:01:00::
economic%5:00:00:efficient:00;economical%5:00:00:efficient:00
economic%5:00:00:worldly:00
economic%5:00:00:profitable:00
theory%1:09:00::
hypothesis%1:09:00::;possibility%1:09:00::;theory%1:09:01::
theory%1:09:02::
supply%2:40:00::;provide%2:40:00::;render%2:40:02::;furnish%2:40:00::
provide%2:34:00::;supply%2:34:00::;ply%2:34:00::;cater%2:34:00::
provide%2:32:00::
put_up%2:41:01::;provide%2:41:00::;offer%2:41:03::
leave%2:42:01::;allow_for%2:42:00::;allow%2:42:00::;provide%2:42:00::
provide%2:40:08::;bring_home_the_bacon%2:40:00::
provide%2:30:05::
partial%5:00:00:incomplete:00
partial%3:00:01::
fond%5:00:00:inclined:02;partial%5:00:00:inclined:02
explanation%1:10:00::;account%1:10:04::
explanation%1:09:00::
explanation%1:10:01::
split_personality%1:26:00::;multiple_personality%1:26:00::
expose%2:39:00::;exhibit%2:39:01::;display%2:39:00::
display%2:41:00::
american%1:18:00::
american_english%1:10:00::;american_language%1:10:00::;american%1:10:00::
american%1:18:01::
voting_booth%1:06:00::
trust%2:31:00::;swear%2:31:10::;rely%2:31:11::;bank%2:31:02::
premise%1:10:00::;premiss%1:10:00::;assumption%1:10:00::
assumption%1:09:00::;supposition%1:09:00::;supposal%1:09:00::
assumption%1:04:00::;laying_claim%1:04:00::
assumption%1:28:00::;assumption_of_mary%1:28:00::;august_15%1:28:00::
assumption%1:11:00::
presumption%1:07:00::;presumptuousness%1:07:00::;effrontery%1:07:00::;assumption%1:07:00::
assumption%1:04:01::
buy%2:40:00::;purchase%2:40:00::
bribe%2:40:00::;corrupt%2:40:00::;buy%2:40:02::;grease_one's_palms%2:40:00::
buy%2:42:00::
buy%2:40:03::
buy%2:31:09::
trade_name%1:10:00::;brand_name%1:10:00::;brand%1:10:00::;marque%1:10:00::
brand%1:09:00::;make%1:09:00::
brand%1:10:02::
brand%1:27:00::;firebrand%1:27:00::
mark%1:10:01::;stigma%1:10:00::;brand%1:10:01::;stain%1:10:00::
sword%1:06:00::;blade%1:06:01::;brand%1:06:00::;steel%1:06:01::
agent%1:17:00::
agent%1:18:02::
agent%1:27:00::
agent%1:18:01::;factor%1:18:00::;broker%1:18:00::
agent%1:18:03::;federal_agent%1:18:00::
agentive_role%1:10:00::;agent%1:10:00::
republican%3:01:01::
republican%5:00:00:democratic:00
believe_in%2:31:01::
minimalist%3:01:00::
minimalist%5:00:00:moderate:00
state%1:15:01::;province%1:15:00::
state%1:03:00::
state%1:14:01::
state_of_matter%1:26:00::;state%1:26:02::
state%1:26:01::
country%1:15:00::;state%1:15:00::;land%1:15:02::
department_of_state%1:14:00::;united_states_department_of_state%1:14:00::;state_department%1:14:00::;state%1:14:02::;dos%1:14:00::
virtue%1:07:01::;virtuousness%1:07:00::;moral_excellence%1:07:00::
merit%1:07:01::;virtue%1:07:03::
virtue%1:07:02::;chastity%1:07:00::;sexual_morality%1:07:00::
virtue%1:07:04::
private%3:00:00::
private%5:00:02:personal:00
individual%5:00:00:personal:00;private%5:00:00:personal:00
secret%5:00:00:inward:00;private%5:00:00:inward:00
market%1:04:00::;marketplace%1:04:00::;market_place%1:04:00::
market%1:14:00::
grocery_store%1:06:00::;grocery%1:06:00::;food_market%1:06:00::;market%1:06:00::
market%1:14:01::;securities_industry%1:14:00::
marketplace%1:06:00::;market_place%1:06:00::;mart%1:06:00::;market%1:06:01::
frailty%1:07:00::;vice%1:07:00::
vice%1:04:00::
public%3:00:00::
public%5:00:00:common:02
action%1:04:02::
action%1:26:00::;activity%1:26:00::;activeness%1:26:00::
military_action%1:04:00::;action%1:04:03::
natural_process%1:22:00::;natural_action%1:22:00::;action%1:22:00::;activity%1:22:01::
action%1:10:00::
action%1:07:00::
action%1:06:00::;action_mechanism%1:06:00::
legal_action%1:04:00::;action%1:04:01::;action_at_law%1:04:00::
action%1:04:04::
action%1:04:00::
large%3:00:00::;big%3:00:01::
big%5:00:00:important:00
bad%5:00:00:intense:00;big%5:00:00:intense:00
big%5:00:00:loud:00
big%5:00:00:conspicuous:00;large%5:00:00:conspicuous:00;prominent%5:00:02:conspicuous:00
big%5:00:00:intemperate:00;heavy%5:00:02:intemperate:00
boastful%5:00:00:proud:00;braggart%5:00:00:proud:00;bragging%5:00:00:proud:00;braggy%5:00:00:proud:00;big%5:00:02:proud:00;cock-a-hoop%5:00:00:proud:00;crowing%5:00:00:proud:00;self-aggrandizing%5:00:00:proud:00;self-aggrandising%5:00:00:proud:00
big%5:00:00:proud:00;swelled%5:00:00:proud:00;vainglorious%5:00:00:proud:00
adult%5:00:00:mature:01;big%5:00:00:mature:01;full-grown%5:00:00:mature:01;fully_grown%5:00:00:mature:01;grown%5:00:00:mature:01;grownup%5:00:00:mature:01
big%5:00:00:heavy:08
big%5:00:00:generous:02;large%5:00:00:generous:02;magnanimous%5:00:00:generous:02
big%5:00:00:generous:01;bighearted%5:00:00:generous:01;bounteous%5:00:00:generous:01;bountiful%5:00:00:generous:01;freehanded%5:00:00:generous:01;handsome%5:00:00:generous:01;giving%5:00:00:generous:01;liberal%5:00:00:generous:01;openhanded%5:00:00:generous:01
big%5:00:00:pregnant:00;enceinte%5:00:00:pregnant:00;expectant%5:00:00:pregnant:00;gravid%5:00:00:pregnant:00;great%5:00:00:pregnant:00;large%5:00:00:pregnant:00;heavy%5:00:00:pregnant:00;with_child%5:00:00:pregnant:00
government%1:14:00::;authorities%1:14:00::;regime%1:14:00::
government%1:04:00::;governing%1:04:00::;governance%1:04:00::;government_activity%1:04:00::;administration%1:04:04::
government%1:09:00::
politics%1:09:00::;political_science%1:09:00::;government%1:09:01::
intervention%1:04:00::;intercession%1:04:00::
intervention%1:10:00::;interference%1:10:00::
interposition%1:04:01::;intervention%1:04:03::
intervention%1:04:01::
treatment%1:04:00::;intervention%1:04:02::
rectify%2:30:00::;remediate%2:30:00::;remedy%2:30:00::;repair%2:30:02::;amend%2:30:01::
remedy%2:29:00::;relieve%2:29:02::
excess%1:07:02::;surplus%1:07:00::;surplusage%1:07:00::;nimiety%1:07:00::
excess%1:07:00::;excessiveness%1:07:00::;inordinateness%1:07:00::
surfeit%1:26:01::;excess%1:26:00::;overabundance%1:26:00::
overindulgence%1:04:00::;excess%1:04:00::
attendant%5:00:00:present:02
attendant%5:00:00:subsequent:00;consequent%5:00:00:subsequent:00;accompanying%5:00:00:subsequent:00;concomitant%5:00:00:subsequent:00;incidental%5:00:00:subsequent:00;ensuant%5:00:00:subsequent:00;resultant%5:00:00:subsequent:00;sequent%5:00:01:subsequent:00
pursuit%1:04:00::;chase%1:04:00::;pursual%1:04:00::;following%1:04:01::
pursuit%1:09:00::;pursuance%1:09:00::;quest%1:09:00::
avocation%1:04:00::;by-line%1:04:00::;hobby%1:04:00::;pursuit%1:04:02::;sideline%1:04:00::;spare-time_activity%1:04:00::
pastime%1:04:00::;interest%1:04:01::;pursuit%1:04:01::
interest%1:09:00::;involvement%1:09:00::
sake%1:07:00::;interest%1:07:01::
interest%1:07:02::;interestingness%1:07:00::
interest%1:21:00::
interest%1:21:03::;stake%1:21:02::
interest%1:14:00::;interest_group%1:14:00::
have%2:40:00::;have_got%2:40:00::;hold%2:40:00::
have%2:42:00::;feature%2:42:00::
experience%2:39:00::;receive%2:39:03::;have%2:39:06::;get%2:39:00::
own%2:40:00::;have%2:40:04::;possess%2:40:00::
get%2:30:02::;let%2:30:01::;have%2:30:00::
consume%2:34:00::;ingest%2:34:00::;take_in%2:34:00::;take%2:34:00::;have%2:34:00::
have%2:41:00::
hold%2:36:00::;throw%2:36:08::;have%2:36:00::;make%2:36:04::;give%2:36:02::
have%2:40:01::
have%2:42:12::
have%2:30:01::;experience%2:30:00::
have%2:29:02::
induce%2:32:00::;stimulate%2:32:01::;cause%2:32:00::;have%2:32:00::;get%2:32:00::;make%2:32:00::
accept%2:40:00::;take%2:40:05::;have%2:40:05::
receive%2:40:00::;have%2:40:03::
suffer%2:29:01::;sustain%2:29:00::;have%2:29:05::;get%2:29:11::
have%2:40:02::;get%2:40:01::;make%2:40:02::
give_birth%2:29:00::;deliver%2:29:01::;bear%2:29:01::;birth%2:29:00::;have%2:29:00::
take%2:35:14::;have%2:35:00::
basic%3:00:00::
basic%5:00:00:standard:01;canonic%5:00:00:standard:01;canonical%5:00:02:standard:01
basic%5:00:02:first:00;introductory%5:00:00:first:00
basic%5:00:00:alkaline:00
duty%1:04:00::;responsibility%1:04:00::;obligation%1:04:00::
province%1:26:00::;responsibility%1:26:00::
responsibility%1:07:00::;responsibleness%1:07:00::
vote%2:41:13::
vote%2:41:10::
vote%2:41:11::
vote%2:41:09::
vote%2:41:12::
office%1:06:00::;business_office%1:06:00::
agency%1:14:00::;federal_agency%1:14:00::;government_agency%1:14:00::;bureau%1:14:00::;office%1:14:01::;authority%1:14:00::
function%1:04:00::;office%1:04:01::;part%1:04:01::;role%1:04:00::
office%1:26:00::;power%1:26:00::
office%1:14:00::;office_staff%1:14:00::
office%1:04:00::
position%1:04:01::;post%1:04:00::;berth%1:04:00::;office%1:04:02::;spot%1:04:01::;billet%1:04:00::;place%1:04:00::;situation%1:04:00::
cover%2:32:01::;treat%2:32:00::;handle%2:32:00::;plow%2:32:00::;deal%2:32:08::;address%2:32:04::
consider%2:31:01::;take%2:31:03::;deal%2:31:10::;look_at%2:31:00::
deal%2:41:09::
cope%2:41:00::;get_by%2:41:00::;make_out%2:41:02::;make_do%2:41:00::;contend%2:41:00::;grapple%2:41:00::;deal%2:41:00::;manage%2:41:03::
distribute%2:40:00::;administer%2:40:00::;mete_out%2:40:00::;deal%2:40:01::;parcel_out%2:40:00::;lot%2:40:00::;dispense%2:40:00::;shell_out%2:40:00::;deal_out%2:40:00::;dish_out%2:40:00::;allot%2:40:02::;dole_out%2:40:00::
deal%2:40:00::;sell%2:40:01::;trade%2:40:11::
manage%2:41:00::;deal%2:41:13::;care%2:41:11::;handle%2:41:00::
deal%2:41:04::
deal%2:40:02::
conduct%2:41:00::;carry_on%2:41:00::;deal%2:41:02::
share%2:40:00::;divvy_up%2:40:00::;portion_out%2:40:00::;apportion%2:40:00::;deal%2:40:07::
deal%2:40:06::
deal%2:40:11::
national%3:01:00::
national%3:00:00::
national%3:00:01::
national%5:00:00:public:00
home%5:00:00:domestic:00;interior%5:00:00:domestic:00;internal%5:00:00:domestic:00;national%5:00:00:domestic:00
national%3:01:02::
national%3:01:01::
issue%1:09:01::
issue%1:10:00::;number%1:10:00::
topic%1:09:00::;subject%1:09:01::;issue%1:09:00::;matter%1:09:00::
issue%1:04:01::;issuing%1:04:00::;issuance%1:04:00::
issue%1:21:01::;military_issue%1:21:00::;government_issue%1:21:00::
return%1:21:00::;issue%1:21:00::;take%1:21:00::;takings%1:21:00::;proceeds%1:21:00::;yield%1:21:00::;payoff%1:21:02::
offspring%1:18:00::;progeny%1:18:00::;issue%1:18:00::
emergence%1:11:00::;egress%1:11:01::;issue%1:11:00::
exit%1:06:00::;issue%1:06:00::;outlet%1:06:00::;way_out%1:06:00::
issue%1:04:00::;publication%1:04:01::
project%2:36:03::;cast%2:36:02::;contrive%2:36:02::;throw%2:36:02::
cast%2:40:13::
cast%2:36:01::
hurl%2:35:00::;hurtle%2:35:00::;cast%2:35:00::
cast%2:41:14::
roll%2:38:09::;wander%2:38:00::;swan%2:38:00::;stray%2:38:01::;tramp%2:38:02::;roam%2:38:00::;cast%2:38:01::;ramble%2:38:01::;rove%2:38:00::;range%2:38:00::;drift%2:38:01::;vagabond%2:38:00::
cast%2:36:00::;mold%2:36:00::;mould%2:36:00::
shed%2:35:01::;cast%2:35:01::;cast_off%2:35:00::;shake_off%2:35:00::;throw%2:35:07::;throw_off%2:35:00::;throw_away%2:35:00::;drop%2:35:01::
draw%2:33:01::;cast%2:33:00::
frame%2:32:00::;redact%2:32:00::;cast%2:32:00::;put%2:32:00::;couch%2:32:00::
vomit%2:29:00::;vomit_up%2:29:00::;purge%2:29:04::;cast%2:29:00::;sick%2:29:00::;cat%2:29:00::;be_sick%2:29:01::;disgorge%2:29:00::;regorge%2:29:00::;retch%2:29:00::;puke%2:29:00::;barf%2:29:00::;spew%2:29:00::;spue%2:29:00::;chuck%2:29:00::;upchuck%2:29:00::;honk%2:29:00::;regurgitate%2:29:00::;throw_up%2:29:00::
roll_call%1:04:00::
legislation%1:10:00::;statute_law%1:10:00::
legislation%1:04:00::;legislating%1:04:00::;lawmaking%1:04:00::
enforce%2:41:01::;impose%2:41:00::
inflict%2:32:00::;bring_down%2:32:00::;visit%2:32:01::;impose%2:32:00::
levy%2:40:00::;impose%2:40:00::
cost%1:21:00::
monetary_value%1:07:00::;price%1:07:00::;cost%1:07:00::
price%1:07:02::;cost%1:07:01::;toll%1:07:01::
confer%2:32:00::;confabulate%2:32:01::;confab%2:32:01::;consult%2:32:05::
confer%2:40:00::;bestow%2:40:00::
benefit%1:21:00::
benefit%1:07:00::;welfare%1:07:00::
benefit%1:10:00::
population%1:14:00::
population%1:14:01::
population%1:09:00::;universe%1:09:01::
population%1:23:00::
population%1:04:00::
large%5:00:00:significant:00
bombastic%5:00:00:rhetorical:00;declamatory%5:00:00:rhetorical:00;large%5:00:00:rhetorical:00;orotund%5:00:00:rhetorical:00;tumid%5:00:00:rhetorical:00;turgid%5:00:00:rhetorical:00
large%5:00:00:comprehensive:00
attend_to%2:31:00::;take_to_heart%2:31:00::
serve%2:41:01::;attend_to%2:41:01::;wait_on%2:41:00::;attend%2:41:00::;assist%2:41:01::
local%3:00:01::
local%3:01:01::
local%3:00:02::
constituency%1:14:00::
service%1:04:08::
service%1:04:00::
service%1:04:01::;religious_service%1:04:00::;divine_service%1:04:00::
service%1:14:05::
service%1:04:07::
military_service%1:14:00::;armed_service%1:14:00::;service%1:14:00::
service%1:18:00::;robert_william_service%1:18:00::
avail%1:07:00::;help%1:07:01::;service%1:07:00::
service%1:06:00::;table_service%1:06:00::
servicing%1:04:00::;service%1:04:03::
service%1:04:09::
serve%1:04:00::;service%1:04:02::
service%1:04:04::;serving%1:04:00::;service_of_process%1:04:00::
overhaul%1:04:00::;inspection_and_repair%1:04:00::;service%1:04:05::
service%1:04:06::
pork_barrel%1:21:00::;pork%1:21:00::
belief%1:09:00::
impression%1:09:00::;feeling%1:09:03::;belief%1:09:01::;notion%1:09:02::;opinion%1:09:02::
less%4:02:00::;to_a_lesser_extent%4:02:00::
less%4:02:01::
willing%3:00:00::
uncoerced%5:00:00:voluntary:01;unforced%5:00:00:voluntary:01;willing%5:00:00:voluntary:01
prosecute%2:41:02::;engage%2:41:06::;pursue%2:41:00::
absorb%2:31:03::;engross%2:31:00::;engage%2:31:00::;occupy%2:31:00::
hire%2:41:00::;engage%2:41:01::;employ%2:41:00::
engage%2:41:00::
betroth%2:32:00::;engage%2:32:00::;affiance%2:32:00::;plight%2:32:01::
engage%2:30:00::
engage%2:41:12::;wage%2:41:00::
engage%2:40:01::;enlist%2:40:00::
lease%2:40:00::;rent%2:40:00::;hire%2:40:00::;charter%2:40:00::;engage%2:40:00::;take%2:40:03::
engage%2:35:00::;mesh%2:35:01::;lock%2:35:01::;operate%2:35:02::
member%1:18:00::;fellow_member%1:18:00::
member%1:24:00::
extremity%1:08:00::;appendage%1:08:00::;member%1:08:00::
member%1:14:00::
penis%1:08:00::;phallus%1:08:00::;member%1:08:01::
keep%2:42:00::;maintain%2:42:00::;hold%2:42:00::
hold%2:35:00::;take_hold%2:35:00::
deem%2:31:00::;hold%2:31:01::;view_as%2:31:00::;take_for%2:31:00::
harbor%2:37:00::;harbour%2:37:00::;hold%2:37:00::;entertain%2:37:00::;nurse%2:37:00::
restrain%2:35:00::;confine%2:35:01::;hold%2:35:03::
retain%2:40:00::;hold%2:40:02::;keep_back%2:40:01::;hold_back%2:40:00::
bear%2:40:00::;hold%2:40:04::
hold%2:35:01::;support%2:35:00::;sustain%2:35:00::;hold_up%2:35:00::
hold%2:42:13::;bear%2:42:14::;carry%2:42:03::;contain%2:42:13::
accommodate%2:42:03::;hold%2:42:05::;admit%2:42:04::
hold%2:42:01::
hold%2:35:02::;carry%2:35:01::;bear%2:35:01::
prevail%2:42:01::;hold%2:42:02::;obtain%2:42:00::
hold%2:31:08::
hold%2:42:07::
contain%2:42:14::;take%2:42:15::;hold%2:42:14::
reserve%2:41:00::;hold%2:41:00::;book%2:41:01::
defend%2:33:02::;guard%2:33:03::;hold%2:33:05::
oblige%2:32:00::;bind%2:32:00::;hold%2:32:13::;obligate%2:32:00::
hold%2:31:04::
hold%2:31:10::
defy%2:42:00::;withstand%2:42:00::;hold%2:42:08::;hold_up%2:42:02::
apply%2:42:00::;hold%2:42:04::;go_for%2:42:00::
hold%2:42:12::
control%2:41:01::;hold_in%2:41:00::;hold%2:41:15::;contain%2:41:00::;check%2:41:08::;curb%2:41:00::;moderate%2:41:00::
hold%2:41:13::
hold%2:41:14::
halt%2:38:05::;hold%2:38:05::;arrest%2:38:00::
hold%2:35:09::
carry%2:34:00::;hold%2:34:00::
hold%2:33:00::
declare%2:32:04::;adjudge%2:32:00::;hold%2:32:11::
agree%2:32:00::;hold%2:32:15::;concur%2:32:00::;concord%2:32:00::
hold%2:29:04::
confront%2:32:00::;face_up%2:32:03::;face%2:32:00::
confront%2:33:00::;face%2:33:00::
front%2:42:00::;look%2:42:00::;face%2:42:00::
face%2:42:02::
face%2:38:00::
confront%2:32:03::;face%2:32:03::;present%2:32:06::
face%2:39:04::
face%2:35:00::
face%2:35:01::
name%2:32:03::;call%2:32:02::
call%2:32:00::
call%2:32:01::;telephone%2:32:00::;call_up%2:32:00::;phone%2:32:00::;ring%2:32:00::
shout%2:32:01::;shout_out%2:32:00::;cry%2:32:01::;call%2:32:09::;yell%2:32:01::;scream%2:32:01::;holler%2:32:05::;hollo%2:32:00::;squall%2:32:00::
call%2:32:05::;send_for%2:32:00::
visit%2:41:00::;call_in%2:41:00::;call%2:41:00::
call%2:41:04::
call%2:32:13::
call%2:32:04::
call%2:32:03::
call%2:42:09::
address%2:41:08::;call%2:41:14::
call%2:41:12::
call%2:40:09::;call_in%2:40:02::
bid%2:40:01::;call%2:40:05::
call%2:38:00::;call_off%2:38:00::
call%2:32:06::
predict%2:32:00::;foretell%2:32:00::;prognosticate%2:32:00::;call%2:32:10::;forebode%2:32:00::;anticipate%2:32:00::;promise%2:32:02::
call%2:32:12::
call%2:32:07::
call%2:32:08::
call%2:32:11::
call%2:32:15::
call%2:32:14::
call%2:31:13::
call%2:31:00::
call%2:31:05::
call%2:29:05::
prisoner%1:18:00::;captive%1:18:00::
dilemma%1:09:00::;quandary%1:09:00::
incentive%1:16:00::;inducement%1:16:00::;motivator%1:16:00::
bonus%1:21:00::;incentive%1:21:00::
margin%1:25:00::;border%1:25:00::;perimeter%1:25:00::
margin%1:07:00::
margin%1:21:01::;security_deposit%1:21:00::
gross_profit%1:21:00::;gross_profit_margin%1:21:00::;margin%1:21:02::
margin%1:10:00::
allowance%1:07:00::;leeway%1:07:00::;margin%1:07:01::;tolerance%1:07:02::
lean%2:38:00::;tilt%2:38:00::;tip%2:38:01::;slant%2:38:00::;angle%2:38:00::
lean%2:35:00::
lean%2:31:10::
list%2:38:01::;lean%2:38:07::
put%2:35:00::;set%2:35:00::;place%2:35:00::;pose%2:35:02::;position%2:35:00::;lay%2:35:01::
put%2:35:05::
put%2:34:00::;assign%2:34:00::
invest%2:40:00::;put%2:40:00::;commit%2:40:05::;place%2:40:03::
place%2:31:13::;put%2:31:13::;set%2:31:13::
put%2:39:13::
put%2:36:13::
arrange%2:31:00::;set_up%2:31:00::;put%2:31:00::;order%2:31:01::
get%2:40:00::;acquire%2:40:00::
assume%2:30:00::;acquire%2:30:00::;adopt%2:30:01::;take_on%2:30:00::;take%2:30:01::
grow%2:29:00::;develop%2:29:00::;produce%2:29:00::;get%2:29:01::;acquire%2:29:00::
acquire%2:42:00::
acquire%2:40:06::;win%2:40:00::;gain%2:40:01::
learn%2:31:00::;larn%2:31:00::;acquire%2:31:00::
develop%2:30:06::;acquire%2:30:05::;evolve%2:30:03::
less%3:00:00::
less%5:00:00:inferior:02
less%5:00:00:fewer:00
term%1:10:00::
term%1:28:00::
condition%1:10:02::;term%1:10:02::
term%1:09:00::
term%1:10:01::
term%1:28:01::;full_term%1:28:00::
terminus%1:06:02::;terminal_figure%1:06:00::;term%1:06:00::
legislator%1:18:00::
relatively%4:02:00::;comparatively%4:02:00::
powerless%3:00:00::
prevent%2:41:01::;forestall%2:41:01::;foreclose%2:41:00::;preclude%2:41:00::;forbid%2:41:03::
prevent%2:41:00::;keep%2:41:01::
other%3:00:00::
other%5:00:00:past:00
early%5:00:00:past:00;former%5:00:00:past:00;other%5:00:02:past:00
other%5:00:00:strange:00
bring%2:38:00::;convey%2:38:00::;take%2:38:10::
bring%2:35:04::
bring%2:36:00::;work%2:36:01::;play%2:36:13::;wreak%2:36:00::;make_for%2:36:00::
bring%2:35:00::;get%2:35:03::;convey%2:35:00::;fetch%2:35:00::
bring%2:30:00::;land%2:30:00::
bring%2:35:02::
institute%2:36:00::;bring%2:36:01::
lend%2:40:01::;impart%2:40:01::;bestow%2:40:01::;contribute%2:40:01::;add%2:40:00::;bring%2:40:02::
fetch%2:40:00::;bring_in%2:40:00::;bring%2:40:00::
bring%2:37:05::
bring%2:32:03::
home%1:15:04::;place%1:15:06::
dwelling%1:06:00::;home%1:06:00::;domicile%1:06:00::;abode%1:06:00::;habitation%1:06:00::;dwelling_house%1:06:00::
home%1:15:02::
home_plate%1:06:00::;home_base%1:06:01::;home%1:06:02::;plate%1:06:04::
base%1:15:01::;home%1:15:05::
home%1:15:03::
home%1:26:00::
home%1:06:01::;nursing_home%1:06:00::;rest_home%1:06:00::
bacon%1:13:00::
bacon%1:18:01::;roger_bacon%1:18:00::
bacon%1:18:00::;francis_bacon%1:18:00::;sir_francis_bacon%1:18:00::;baron_verulam%1:18:00::;1st_baron_verulam%1:18:00::;viscount_st._albans%1:18:00::
respective%5:00:00:individual:00;several%5:00:00:individual:00;various%5:00:00:individual:00
hit%2:39:00::;strike%2:39:00::;come_to%2:39:00::
refer%2:42:00::;pertain%2:42:01::;relate%2:42:00::;concern%2:42:00::;come_to%2:42:03::;bear_on%2:42:00::;touch%2:42:00::;touch_on%2:42:00::;have-to_doe_with%2:42:00::
come_to%2:41:00::;strike%2:41:02::
come_to%2:29:00::;revive%2:29:02::;resuscitate%2:29:01::
policy%1:09:00::
policy%1:10:00::
policy%1:10:02::;insurance_policy%1:10:00::;insurance%1:10:00::
devising%1:04:00::;fashioning%1:04:00::;making%1:04:00::
qualification%1:07:00::;making%1:07:00::
making%1:06:00::
restrict%2:30:00::;restrain%2:30:00::;trammel%2:30:00::;limit%2:30:01::;bound%2:30:00::;confine%2:30:00::;throttle%2:30:01::
limit%2:30:00::;circumscribe%2:30:00::;confine%2:30:01::
specify%2:32:02::;set%2:32:00::;determine%2:32:03::;define%2:32:01::;fix%2:32:03::;limit%2:32:00::
particular%5:00:00:specific:00;peculiar%5:00:00:specific:00;special%5:00:01:specific:00
particular%5:00:02:specific:00
especial%5:00:00:uncommon:00;exceptional%5:00:00:uncommon:00;particular%5:00:00:uncommon:00;special%5:00:00:uncommon:00
particular%5:00:00:primary:00;special%5:00:00:primary:00
finical%5:00:00:fastidious:00;finicky%5:00:00:fastidious:00;fussy%5:00:01:fastidious:00;particular%5:00:00:fastidious:00;picky%5:00:00:fastidious:00
particular%5:00:00:careful:00
such%5:00:00:much:00
besides%4:02:03::;too%4:02:01::;also%4:02:00::;likewise%4:02:01::;as_well%4:02:01::
likely%3:00:00::
probable%3:00:00::;likely%3:00:04::
likely%5:00:00:prospective:00;potential%5:00:00:prospective:00
likely%5:00:00:credible:00
effective%3:00:00::;effectual%3:00:02::;efficacious%3:00:02::
effective%5:00:00:competent:00;efficient%5:00:00:competent:00
effective%5:00:00:efficacious:00
effective%5:00:00:operative:00;good%5:00:00:operative:00;in_effect%5:00:00:operative:00;in_force%5:00:00:operative:00
effective%5:00:00:actual:00
effective%5:00:00:operational:00
bring_home%2:30:00::
take_home%2:40:00::;bring_home%2:40:00::
individual%3:00:00::;single%3:00:00::
individual%5:00:00:independent:00;case-by-case%5:00:00:independent:00;item-by-item%5:00:00:independent:00
individual%5:00:00:unshared:00;single%5:00:00:unshared:00
standing%1:26:00::
standing%1:10:00::
standing%1:04:00::
consequently%4:02:00::;accordingly%4:02:00::
consequently%4:02:01::;therefore%4:02:01::
enhance%2:30:00::;heighten%2:30:00::;raise%2:30:00::
enhance%2:30:01::
tax%1:21:00::;taxation%1:21:00::;revenue_enhancement%1:21:00::
extremely%4:02:00::;exceedingly%4:02:00::;super%4:02:00::;passing%4:02:00::
look%2:39:01::;appear%2:39:00::;seem%2:39:00::
appear%2:30:00::
appear%2:30:01::;come_out%2:30:01::
appear%2:39:01::;seem%2:39:01::
appear%2:30:02::;come_along%2:30:00::
appear%2:36:00::
appear%2:41:03::
explain%2:32:00::;explicate%2:32:00::
explain%2:32:01::
excuse%2:32:03::;explain%2:32:02::
several%5:00:00:some:00
several%5:00:00:different:00
thing%1:26:00::
thing%1:04:00::
thing%1:09:00::
thing%1:06:00::
thing%1:11:00::
matter%1:09:01::;affair%1:09:00::;thing%1:09:02::
thing%1:10:00::
thing%1:06:01::
thing%1:07:00::
thing%1:09:01::
thing%1:12:00::
thing%1:03:00::
first%4:02:00::;firstly%4:02:00::;foremost%4:02:01::;first_of_all%4:02:00::;first_off%4:02:00::
first%4:02:02::;for_the_first_time%4:02:00::
first%4:02:03::
foremost%4:02:00::;first%4:02:01::
increase%2:30:00::
increase%2:30:02::
take%2:41:04::
take%2:40:06::;occupy%2:40:08::;use_up%2:40:02::
lead%2:38:01::;take%2:38:09::;direct%2:38:00::;conduct%2:38:01::;guide%2:38:00::
take%2:35:00::;get_hold_of%2:35:00::
take%2:31:07::;read%2:31:09::
take%2:40:00::
take%2:38:02::
fill%2:41:00::;take%2:41:00::;occupy%2:41:04::
necessitate%2:42:00::;ask%2:42:00::;postulate%2:42:00::;need%2:42:00::;require%2:42:00::;take%2:42:00::;involve%2:42:07::;call_for%2:42:00::;demand%2:42:00::
take%2:39:00::
film%2:32:00::;shoot%2:32:01::;take%2:32:02::
remove%2:30:00::;take%2:30:00::;take_away%2:30:01::;withdraw%2:30:01::
take%2:31:09::;submit%2:31:12::
take%2:40:15::;accept%2:40:12::
take%2:40:01::
assume%2:38:00::;take%2:38:00::;strike%2:38:08::;take_up%2:38:03::
accept%2:40:03::;admit%2:40:00::;take%2:40:07::;take_on%2:40:00::
take%2:30:08::
learn%2:31:02::;study%2:31:00::;read%2:31:05::;take%2:31:02::
claim%2:32:01::;take%2:32:00::;exact%2:32:01::
take%2:38:05::;make%2:38:05::
aim%2:33:00::;take%2:33:09::;train%2:33:00::;take_aim%2:33:00::;direct%2:33:00::
take%2:30:09::
carry%2:42:01::;pack%2:42:00::;take%2:42:10::
subscribe%2:40:00::;subscribe_to%2:40:00::;take%2:40:04::
take%2:40:02::
take%2:40:08::
claim%2:32:03::;take%2:32:09::
accept%2:42:00::;take%2:42:03::
take%2:41:13::
drive%2:38:11::;take%2:38:11::
take%2:33:08::
contract%2:29:00::;take%2:29:08::;get%2:29:00::
curious%5:00:00:strange:00;funny%5:00:00:strange:00;odd%5:00:00:strange:00;peculiar%5:00:00:strange:00;queer%5:00:00:strange:00;rum%5:00:00:strange:00;rummy%5:00:00:strange:00;singular%5:00:00:strange:00
peculiar%5:00:00:unusual:00
peculiar%5:00:00:characteristic:00
franklin%1:18:02::;john_hope_franklin%1:18:00::
franklin%1:18:01::;benjamin_franklin%1:18:00::
franklin%1:18:00::
roosevelt%1:18:02::;franklin_roosevelt%1:18:00::;franklin_delano_roosevelt%1:18:00::;f._d._roosevelt%1:18:00::;president_roosevelt%1:18:02::;president_franklin_roosevelt%1:18:00::;fdr%1:18:00::
roosevelt%1:18:03::;eleanor_roosevelt%1:18:00::;anna_eleanor_roosevelt%1:18:00::
roosevelt%1:18:01::;theodore_roosevelt%1:18:00::;president_roosevelt%1:18:01::;president_theodore_roosevelt%1:18:00::
advent%1:04:00::;coming%1:04:01::
advent%1:28:01::
second_coming%1:11:00::;second_coming_of_christ%1:11:00::;second_advent%1:11:00::;advent%1:11:00::;parousia%1:11:00::
deal%1:04:02::;trade%1:04:02::;business_deal%1:04:00::
bargain%1:10:00::;deal%1:10:00::
batch%1:23:00::;deal%1:23:00::;flock%1:23:00::;good_deal%1:23:00::;great_deal%1:23:00::;hatful%1:23:02::;heap%1:23:00::;lot%1:23:00::;mass%1:23:00::;mess%1:23:00::;mickle%1:23:00::;mint%1:23:00::;mountain%1:23:00::;muckle%1:23:00::;passel%1:23:00::;peck%1:23:00::;pile%1:23:00::;plenty%1:23:00::;pot%1:23:01::;quite_a_little%1:23:00::;raft%1:23:00::;sight%1:23:00::;slew%1:23:00::;spate%1:23:00::;stack%1:23:00::;tidy_sum%1:23:00::;wad%1:23:00::
deal%1:27:00::
softwood%1:27:00::;deal%1:27:01::
hand%1:14:00::;deal%1:14:00::
deal%1:11:00::
deal%1:04:00::
deal%1:04:01::
busy%2:41:00::;occupy%2:41:00::
occupy%2:42:00::;reside%2:42:01::;lodge_in%2:42:00::
occupy%2:42:01::;fill%2:42:00::
concern%2:42:01::;interest%2:42:01::;occupy%2:42:04::;worry%2:42:00::
invade%2:33:00::;occupy%2:33:00::
much%4:02:00::
much%4:02:03::
a_lot%4:02:00::;lots%4:02:00::;a_good_deal%4:02:00::;a_great_deal%4:02:00::;much%4:02:04::;very_much%4:02:01::
much%4:02:01::;practically%4:02:02::
much%4:02:06::;a_great_deal%4:02:03::;often%4:02:01::
smaller%5:00:00:small:00;littler%5:00:00:small:00
character%1:09:01::;role%1:09:00::;theatrical_role%1:09:00::;part%1:09:01::;persona%1:09:00::
function%1:07:00::;purpose%1:07:00::;role%1:07:00::;use%1:07:00::
role%1:04:01::
society%1:14:00::
club%1:14:00::;social_club%1:14:00::;society%1:14:01::;guild%1:14:00::;gild%1:14:00::;lodge%1:14:00::;order%1:14:02::
company%1:26:00::;companionship%1:26:00::;fellowship%1:26:00::;society%1:26:00::
society%1:14:02::;high_society%1:14:00::;beau_monde%1:14:00::;smart_set%1:14:00::;bon_ton%1:14:00::
problem%1:26:00::;job%1:26:00::
problem%1:10:00::
trouble%1:09:00::;problem%1:09:00::
confront%2:42:00::
well%4:02:11::;considerably%4:02:01::;substantially%4:02:01::
severe%5:00:00:intense:00;terrible%5:00:00:intense:00;wicked%5:00:00:intense:00
hard%5:00:00:strong:00;knockout%5:00:00:strong:00;severe%5:00:00:strong:00
austere%5:00:00:plain:01;severe%5:00:00:plain:01;stark%5:00:00:plain:01;stern%5:00:00:plain:01
severe%5:00:02:nonindulgent:00;spartan%5:00:00:nonindulgent:00
dangerous%5:00:00:critical:03;grave%5:00:00:critical:03;grievous%5:00:00:critical:03;serious%5:00:00:critical:03;severe%5:00:00:critical:03;life-threatening%5:00:00:critical:03
severe%5:00:01:bad:00
second%4:02:00::;secondly%4:02:00::
contempt%1:12:00::;disdain%1:12:00::;scorn%1:12:00::;despite%1:12:00::
condescension%1:10:00::;disdain%1:10:00::;patronage%1:10:00::
by_and_large%4:02:00::;generally%4:02:02::;more_often_than_not%4:02:00::;mostly%4:02:03::
generally%4:02:01::;in_general%4:02:00::;in_the_main%4:02:00::
broadly%4:02:00::;loosely%4:02:02::;broadly_speaking%4:02:00::;generally%4:02:00::
love%2:37:00::
love%2:37:02::;enjoy%2:37:01::
love%2:37:01::
own%5:00:00:personal:00;ain%5:00:00:personal:00
component%1:06:00::;constituent%1:06:00::;element%1:06:00::
constituent%1:18:00::
part%1:24:00::;portion%1:24:00::;component_part%1:24:00::;component%1:24:00::;constituent%1:24:00::
constituent%1:10:00::;grammatical_constituent%1:10:00::
component%1:09:00::;constituent%1:09:00::;element%1:09:00::;factor%1:09:00::;ingredient%1:09:00::
appreciate%2:37:00::
appreciate%2:31:00::;take_account%2:31:12::
prize%2:40:00::;value%2:40:00::;treasure%2:40:00::;appreciate%2:40:00::
appreciate%2:30:00::;apprize%2:30:01::;apprise%2:30:01::;revalue%2:30:00::
appreciate%2:30:01::;apprize%2:30:00::;apprise%2:30:00::
specific%3:00:00::
specific%5:00:00:specified:00
specific%3:01:00::
specific%3:00:02::
win%2:33:00::
gain%2:33:00::;advance%2:33:00::;win%2:33:01::;pull_ahead%2:33:00::;make_headway%2:33:00::;get_ahead%2:33:00::;gain_ground%2:33:00::
succeed%2:41:00::;win%2:41:04::;come_through%2:41:00::;bring_home_the_bacon%2:41:00::;deliver_the_goods%2:41:00::
overall%5:00:00:general:00
overall%5:00:00:gross:00
associate%2:31:00::;tie_in%2:31:00::;relate%2:31:00::;link%2:31:00::;colligate%2:31:02::;link_up%2:31:00::;connect%2:31:00::
consort%2:41:12::;associate%2:41:02::;affiliate%2:41:12::;assort%2:41:12::
consociate%2:41:00::;associate%2:41:00::
make%2:41:00::;do%2:41:01::
perform%2:36:00::;execute%2:36:01::;do%2:36:01::
do%2:41:04::;perform%2:41:00::
do%2:42:00::;fare%2:42:00::;make_out%2:42:00::;come%2:42:02::;get_along%2:42:00::
cause%2:36:00::;do%2:36:02::;make%2:36:08::
practice%2:41:00::;practise%2:41:00::;exercise%2:41:00::;do%2:41:02::
suffice%2:42:00::;do%2:42:01::;answer%2:42:02::;serve%2:42:12::
do%2:36:00::;make%2:36:05::
act%2:29:00::;behave%2:29:00::;do%2:29:09::
serve%2:42:00::;do%2:42:02::
do%2:41:03::;manage%2:41:02::
dress%2:29:04::;arrange%2:29:00::;set%2:29:05::;do%2:29:04::;coif%2:29:00::;coiffe%2:29:00::;coiffure%2:29:00::
do%2:38:00::
similarly%4:02:00::;likewise%4:02:00::
alike%4:02:00::;likewise%4:02:08::
third%4:02:00::;thirdly%4:02:00::
propose%2:32:00::;suggest%2:32:00::;advise%2:32:02::
hint%2:32:00::;suggest%2:32:04::
suggest%2:32:02::;intimate%2:32:01::
indicate%2:32:04::;suggest%2:32:03::
suggest%2:32:01::;evoke%2:32:01::;paint_a_picture%2:32:00::
pay%2:40:00::
give%2:32:01::;pay%2:32:00::
pay_up%2:40:00::;ante_up%2:40:00::;pay%2:40:04::
yield%2:40:00::;pay%2:40:01::;bear%2:40:01::
pay%2:40:02::;pay_off%2:40:04::;make_up%2:40:00::;compensate%2:40:02::
give%2:31:02::;pay%2:31:00::;devote%2:31:00::
pay%2:42:00::
pay%2:41:00::
pay%2:31:03::
pay%2:40:13::
pay%2:40:14::
much%3:00:00::
attention%1:09:00::;attending%1:09:00::
care%1:04:01::;attention%1:04:01::;aid%1:04:01::;tending%1:04:00::
attention%1:09:02::
attention%1:04:02::
attention%1:09:01::
attention%1:07:00::
relative%3:00:00::;comparative%3:00:00::
proportional%5:00:00:proportionate:00;relative%5:00:00:proportionate:00
security%1:26:00::
security%1:21:01::;protection%1:21:00::
security%1:12:00::
security%1:21:04::;certificate%1:21:00::
security%1:21:00::;surety%1:21:00::
security%1:14:00::;security_department%1:14:00::
security%1:10:00::;surety%1:10:00::
security_system%1:06:00::;security_measure%1:06:00::;security%1:06:00::
security%1:04:00::;security_measures%1:04:00::
for_example%4:02:00::;for_instance%4:02:00::;e.g.%4:02:00::
first%3:00:00::
first%5:00:00:ordinal:00;1st%5:00:00:ordinal:00
inaugural%5:00:00:opening:00;initiative%5:00:00:opening:00;initiatory%5:00:00:opening:00;first%5:00:02:opening:00;maiden%5:00:00:opening:00
beginning%5:00:00:opening:00;first%5:00:01:opening:00
first%5:00:00:best:00;foremost%5:00:00:best:00;world-class%5:00:00:best:00
first%3:00:03::
vulnerable%3:00:00::
vulnerable%5:00:00:susceptible:00
vulnerable%5:00:00:weak:00
incumbent%1:18:00::;officeholder%1:18:00::
become%2:30:00::;go%2:30:04::;get%2:30:00::
become%2:42:01::;turn%2:42:00::
become%2:42:00::
become%2:42:03::;suit%2:42:01::
virtually%4:02:01::
immune%3:01:00::
immune%5:00:00:exempt:00
immune%5:00:00:unsusceptible:00;resistant%5:00:00:unsusceptible:00
immune%5:00:00:unaffected:00
get_the_better_of%2:33:00::;overcome%2:33:03::;defeat%2:33:00::
kill%2:41:01::;shoot_down%2:41:00::;defeat%2:41:00::;vote_down%2:41:00::;vote_out%2:41:00::
exception%1:09:00::;exclusion%1:09:00::;elision%1:09:00::
exception%1:09:01::
exception%1:10:00::
tendency%1:15:00::;trend%1:15:02::
course%1:15:00::;trend%1:15:01::
drift%1:09:02::;trend%1:09:00::;movement%1:09:00::
vogue%1:09:00::;trend%1:09:02::;style%1:09:00::
defeat%1:11:00::;licking%1:11:01::
frustration%1:12:00::;defeat%1:12:00::
freshman%1:18:00::;fresher%1:18:00::
newcomer%1:18:00::;fledgling%1:18:00::;fledgeling%1:18:00::;starter%1:18:01::;neophyte%1:18:01::;freshman%1:18:01::;newbie%1:18:00::;entrant%1:18:01::
reagan%1:18:00::;ronald_reagan%1:18:00::;ronald_wilson_reagan%1:18:00::;president_reagan%1:18:00::
revolution%1:11:01::
revolution%1:04:00::
rotation%1:11:00::;revolution%1:11:00::;gyration%1:11:00::
run%2:38:00::
scat%2:38:00::;run%2:38:04::;scarper%2:38:00::;turn_tail%2:38:00::;lam%2:38:00::;run_away%2:38:00::;hightail_it%2:38:00::;bunk%2:38:00::;head_for_the_hills%2:38:00::;take_to_the_woods%2:38:00::;escape%2:38:02::;fly_the_coop%2:38:00::;break_away%2:38:00::
run%2:42:00::;go%2:42:00::;pass%2:42:08::;lead%2:42:00::;extend%2:42:03::
operate%2:41:00::;run%2:41:02::
run%2:42:04::;go%2:42:02::
run%2:38:01::;flow%2:38:00::;feed%2:38:04::;course%2:38:00::
function%2:35:00::;work%2:35:02::;operate%2:35:03::;go%2:35:00::;run%2:35:00::
range%2:42:01::;run%2:42:07::
campaign%2:33:01::;run%2:33:06::
play%2:36:05::;run%2:36:01::
run%2:38:11::
run%2:35:04::
run%2:30:03::
run%2:30:07::
run%2:42:02::
prevail%2:42:00::;persist%2:42:00::;die_hard%2:42:00::;run%2:42:03::;endure%2:42:08::
run%2:42:06::
run%2:41:00::;execute%2:41:04::
carry%2:36:00::;run%2:36:02::
run%2:36:00::
guide%2:35:00::;run%2:35:01::;draw%2:35:13::;pass%2:35:00::
run%2:42:08::;lead%2:42:02::
run%2:41:01::
run%2:40:06::;black_market%2:40:00::
run%2:38:10::
run%2:38:08::;bleed%2:38:00::
run%2:38:03::
run%2:38:05::
run%2:42:05::;run_for%2:42:00::
run%2:41:04::
run%2:38:02::;consort%2:38:00::
run%2:38:06::
run%2:38:13::
ply%2:38:00::;run%2:38:09::
hunt%2:33:00::;run%2:33:02::;hunt_down%2:33:00::;track_down%2:33:00::
race%2:33:00::;run%2:33:01::
move%2:30:01::;go%2:30:02::;run%2:30:02::
melt%2:30:01::;run%2:30:00::;melt_down%2:30:00::
ladder%2:30:00::;run%2:30:01::
run%2:30:04::;unravel%2:30:01::
reelection%1:04:00::
place%2:41:01::
rate%2:31:00::;rank%2:31:00::;range%2:31:00::;order%2:31:00::;grade%2:31:03::;place%2:31:01::
locate%2:40:01::;place%2:40:00::;site%2:40:00::
place%2:32:01::
place%2:31:03::;come_in%2:31:00::;come_out%2:31:00::
target%2:33:00::;aim%2:33:10::;place%2:33:03::;direct%2:33:01::;point%2:33:10::
identify%2:31:00::;place%2:31:00::
place%2:41:00::
set%2:36:01::;localize%2:36:00::;localise%2:36:00::;place%2:36:00::
place%2:42:00::;localize%2:42:01::;localise%2:42:01::
station%2:33:00::;post%2:33:00::;send%2:33:00::;place%2:33:00::
place%2:33:02::
place%2:32:00::
far%4:02:02::
far%4:02:00::
far%4:02:04::
far%4:02:01::
far%4:02:05::
emphasis%1:26:00::;accent%1:26:00::
vehemence%1:07:01::;emphasis%1:07:00::
emphasis%1:10:01::
stress%1:10:01::;emphasis%1:10:00::;accent%1:10:00::
partisan%3:00:00::;partizan%3:00:00::
spread%2:35:00::;distribute%2:35:01::
spread%2:35:07::;propagate%2:35:06::
spread%2:42:00::;overspread%2:42:00::
unfold%2:35:00::;spread%2:35:03::;spread_out%2:35:03::;open%2:35:08::
circulate%2:32:00::;circularize%2:32:00::;circularise%2:32:00::;distribute%2:32:00::;disseminate%2:32:00::;propagate%2:32:00::;broadcast%2:32:00::;spread%2:32:00::;diffuse%2:32:00::;disperse%2:32:00::;pass_around%2:32:00::
go_around%2:32:00::;spread%2:32:02::;circulate%2:32:01::
spread%2:38:00::;scatter%2:38:02::;spread_out%2:38:04::
diffuse%2:38:00::;spread%2:38:02::;spread_out%2:38:00::;fan_out%2:38:00::
spread%2:35:12::
spread%2:35:13::
make%2:30:00::;get%2:30:01::
make%2:36:00::;create%2:36:00::
produce%2:36:00::;make%2:36:01::;create%2:36:03::
draw%2:31:00::;make%2:31:00::
make%2:36:15::
create%2:36:13::;make%2:36:09::
gain%2:40:00::;take_in%2:40:00::;clear%2:40:00::;make%2:40:01::;earn%2:40:01::;realize%2:40:01::;realise%2:40:01::;pull_in%2:40:00::;bring_in%2:40:01::
form%2:42:00::;constitute%2:42:03::;make%2:42:05::
reach%2:38:06::;make%2:38:02::;get_to%2:38:02::;progress_to%2:38:00::
make%2:42:00::
make%2:36:11::
make%2:36:12::
construct%2:36:00::;build%2:36:00::;make%2:36:13::
make%2:30:15::
make%2:29:08::
name%2:41:01::;nominate%2:41:01::;make%2:41:03::
reach%2:38:01::;make%2:38:00::;attain%2:38:01::;hit%2:38:00::;arrive_at%2:38:00::;gain%2:38:00::
lay_down%2:31:00::;establish%2:31:02::;make%2:31:13::
make%2:41:13::
make%2:41:01::
make%2:30:02::;make_up%2:30:00::
stool%2:29:00::;defecate%2:29:00::;shit%2:29:00::;take_a_shit%2:29:00::;take_a_crap%2:29:00::;ca-ca%2:29:00::;crap%2:29:00::;make%2:29:00::
make%2:42:09::
make%2:42:13::
make%2:42:12::
make%2:42:11::
make%2:42:15::
make%2:39:12::
make%2:38:10::;work%2:38:00::
make%2:38:15::
make%2:36:10::
cook%2:36:00::;fix%2:36:00::;ready%2:36:00::;make%2:36:07::;prepare%2:36:01::
seduce%2:35:00::;score%2:35:01::;make%2:35:13::
make%2:32:14::
make%2:32:09::;pretend%2:32:01::;make_believe%2:32:01::
make%2:31:10::
make%2:31:12::
make%2:30:10::
make%2:30:14::
make%2:30:12::
make%2:29:06::
make%2:29:01::;urinate%2:29:00::;piddle%2:29:00::;puddle%2:29:00::;micturate%2:29:00::;piss%2:29:00::;pee%2:29:00::;pee-pee%2:29:00::;make_water%2:29:00::;relieve_oneself%2:29:00::;take_a_leak%2:29:00::;spend_a_penny%2:29:00::;wee%2:29:00::;wee-wee%2:29:00::;pass_water%2:29:00::
fourth%5:00:00:ordinal:00;4th%5:00:00:ordinal:00;quaternary%5:00:00:ordinal:00
bespeak%2:32:01::;betoken%2:32:01::;indicate%2:32:01::;point%2:32:12::;signal%2:32:01::
indicate%2:32:03::;point%2:32:00::;designate%2:32:03::;show%2:32:01::
indicate%2:32:00::
argue%2:32:01::;indicate%2:32:02::
difficult%3:00:00::;hard%3:00:06::
unmanageable%3:00:00::;difficult%3:00:01::
time%1:11:00::;clip%1:11:00::
time%1:28:05::
time%1:28:00::
time%1:28:06::
time%1:03:00::
time%1:11:01::
clock_time%1:28:00::;time%1:28:03::
fourth_dimension%1:28:00::;time%1:28:04::
meter%1:07:00::;metre%1:07:00::;time%1:07:01::
prison_term%1:28:00::;sentence%1:28:00::;time%1:28:01::
attract%2:35:00::;pull%2:35:02::;pull_in%2:35:00::;draw%2:35:06::;draw_in%2:35:00::
attract%2:37:00::;appeal%2:37:00::
attract%2:35:01::
feasible%5:00:00:possible:00;executable%5:00:00:possible:00;practicable%5:00:00:possible:00;viable%5:00:00:possible:00;workable%5:00:00:possible:00
viable%5:00:00:alive:01
potential%3:00:00::;possible%3:00:04::
deter%2:32:01::;discourage%2:32:01::
discourage%2:37:00::
warn%2:32:01::;discourage%2:32:02::;admonish%2:32:02::;monish%2:32:00::
wage%1:21:00::;pay%1:21:01::;earnings%1:21:00::;remuneration%1:21:00::;salary%1:21:00::
prospect%1:26:00::;chance%1:26:01::
expectation%1:09:00::;outlook%1:09:00::;prospect%1:09:01::
view%1:09:01::;aspect%1:09:01::;prospect%1:09:00::;scene%1:09:00::;vista%1:09:00::;panorama%1:09:00::
prognosis%1:04:00::;prospect%1:04:00::;medical_prognosis%1:04:00::
hand%1:08:00::;manus%1:08:00::;mitt%1:08:00::;paw%1:08:01::
hired_hand%1:18:00::;hand%1:18:00::;hired_man%1:18:00::
handwriting%1:10:00::;hand%1:10:00::;script%1:10:02::
hand%1:09:00::
hand%1:15:00::
hand%1:09:01::
hand%1:06:00::
hand%1:23:00::
hand%1:18:02::
bridge_player%1:18:00::;hand%1:18:01::
hand%1:10:01::
hand%1:05:01::
hand%1:04:00::;helping_hand%1:04:00::
adversary%1:18:00::;antagonist%1:18:00::;opponent%1:18:00::;opposer%1:18:00::;resister%1:18:01::
extent%1:26:00::
extent%1:07:00::
fiscal%3:01:00::;financial%3:01:00::
angel%1:18:02::;backer%1:18:00::
recognize%2:31:01::;recognise%2:31:01::;realize%2:31:01::;realise%2:31:01::;agnize%2:31:00::;agnise%2:31:00::
understand%2:31:01::;realize%2:31:00::;realise%2:31:00::;see%2:31:01::
realize%2:36:00::;realise%2:36:00::;actualize%2:36:00::;actualise%2:36:00::;substantiate%2:36:04::
realize%2:40:00::;realise%2:40:00::
realize%2:36:07::;realise%2:36:07::
game%1:04:00::
game%1:04:03::
game%1:04:01::
game%1:05:00::
game%1:28:00::
game%1:23:00::
game%1:13:00::
plot%1:09:00::;secret_plan%1:09:00::;game%1:09:00::
game%1:06:00::
game%1:04:02::;biz%1:04:00::
game%1:04:04::
work%2:41:02::
work%2:41:00::;do_work%2:41:00::
work%2:41:03::;act%2:41:06::
work%2:36:00::;work_on%2:36:00::;process%2:36:00::
exercise%2:29:01::;work%2:29:00::;work_out%2:29:01::
work%2:41:04::
work%2:41:05::
work%2:38:02::
work%2:41:01::;put_to_work%2:41:00::
cultivate%2:36:01::;crop%2:36:01::;work%2:36:09::
work%2:42:10::
influence%2:41:00::;act_upon%2:41:00::;work%2:41:10::
work%2:41:11::
work%2:41:12::
work%2:39:10::
work%2:37:10::
shape%2:36:00::;form%2:36:00::;work%2:36:12::;mold%2:36:01::;mould%2:36:01::;forge%2:36:03::
work%2:35:14::
knead%2:35:00::;work%2:35:00::
exploit%2:34:00::;work%2:34:10::
solve%2:31:00::;work_out%2:31:04::;figure_out%2:31:00::;puzzle_out%2:31:00::;lick%2:31:00::;work%2:31:13::
ferment%2:30:01::;work%2:30:14::
sour%2:30:01::;turn%2:30:01::;ferment%2:30:00::;work%2:30:13::
work%2:30:10::
disadvantage%1:07:00::
impede%2:41:00::;hinder%2:41:01::
obstruct%2:41:00::;blockade%2:41:00::;block%2:41:00::;hinder%2:41:00::;stymie%2:41:00::;stymy%2:41:00::;embarrass%2:41:00::
handicap%2:33:00::;hinder%2:33:00::;hamper%2:33:00::
attempt%1:04:00::;effort%1:04:00::;endeavor%1:04:00::;endeavour%1:04:00::;try%1:04:00::
attack%1:04:02::;attempt%1:04:02::
field%2:33:01::
field%2:33:00::
field%2:32:00::
field%2:31:00::
competitive%3:00:00::;competitory%3:00:00::
competitive%5:00:00:capitalistic:00;free-enterprise%5:00:00:capitalistic:00;private-enterprise%5:00:00:capitalistic:00
competitive%5:00:00:aggressive:00;militant%5:00:00:aggressive:00
slate%1:06:00::
slate%1:27:01::;slating%1:27:00::
slate%1:27:00::
fifth%5:00:00:ordinal:00;5th%5:00:00:ordinal:00
reason%1:16:00::;ground%1:16:00::
reason%1:10:01::
reason%1:09:00::;understanding%1:09:00::;intellect%1:09:01::
rationality%1:26:00::;reason%1:26:00::;reasonableness%1:26:00::
cause%1:10:00::;reason%1:10:00::;grounds%1:10:00::
reason%1:09:01::
particularly%4:02:00::;peculiarly%4:02:02::;especially%4:02:00::;specially%4:02:00::
particularly%4:02:02::;in_particular%4:02:00::
peculiarly%4:02:01::;particularly%4:02:01::
pronounce%2:32:01::;articulate%2:32:00::;enounce%2:32:00::;sound_out%2:32:01::;enunciate%2:32:01::;say%2:32:02::
pronounce%2:32:00::;label%2:32:01::;judge%2:32:00::
south%1:15:01::
confederacy%1:15:00::;confederate_states%1:15:00::;confederate_states_of_america%1:15:00::;south%1:15:00::;dixie%1:15:00::;dixieland%1:15:00::
south%1:24:00::;due_south%1:24:00::;southward%1:24:00::;s%1:24:00::
south%1:15:02::
south%1:24:02::
disproportionate%3:00:00::;disproportional%3:00:00::
disproportionate%5:00:00:incommensurate:00
share%1:21:01::
parcel%1:04:00::;portion%1:04:00::;share%1:04:00::
contribution%1:04:02::;part%1:04:03::;share%1:04:01::
plowshare%1:06:00::;ploughshare%1:06:00::;share%1:06:00::
power%1:07:00::;powerfulness%1:07:00::
power%1:19:00::
ability%1:09:00::;power%1:09:01::
power%1:18:00::;force%1:18:00::
exponent%1:10:00::;power%1:10:00::;index%1:10:02::
might%1:07:00::;mightiness%1:07:00::;power%1:07:02::
world_power%1:14:00::;major_power%1:14:00::;great_power%1:14:00::;power%1:14:00::;superpower%1:14:00::
baron%1:18:01::;big_businessman%1:18:00::;business_leader%1:18:00::;king%1:18:01::;magnate%1:18:00::;mogul%1:18:01::;power%1:18:01::;top_executive%1:18:00::;tycoon%1:18:00::
able%3:00:00::
able%5:00:00:competent:00;capable%5:00:00:competent:00
able%5:00:00:capable:00
able%5:00:00:fit:01;able-bodied%5:00:00:fit:01
translate%2:32:00::;interpret%2:32:01::;render%2:32:04::
translate%2:30:01::;transform%2:30:01::
understand%2:31:03::;read%2:31:04::;interpret%2:31:02::;translate%2:31:00::
translate%2:35:00::
translate%2:30:00::
translate%2:42:03::
translate%2:42:00::
translate%2:38:04::
translate%2:32:06::
translate%2:32:05::
clout%1:10:00::
pull%1:07:00::;clout%1:07:00::
clout_nail%1:06:00::;clout%1:06:01::
punch%1:04:00::;clout%1:04:00::;poke%1:04:00::;lick%1:04:01::;biff%1:04:00::;slug%1:04:00::
specially%4:02:01::;especially%4:02:01::
strong%3:00:00::
strong%5:00:00:intense:00
potent%5:00:00:powerful:00;strong%5:00:00:powerful:00
potent%3:00:00::;strong%3:00:04::;stiff%3:00:00::
impregnable%5:00:00:invulnerable:00;inviolable%5:00:00:invulnerable:00;secure%5:00:00:invulnerable:00;strong%5:00:00:invulnerable:00;unassailable%5:00:00:invulnerable:00;unattackable%5:00:00:invulnerable:00
solid%5:00:00:sound:01;strong%5:00:00:sound:01;substantial%5:00:00:sound:01
strong%5:00:00:irregular:00
hard%5:00:00:alcoholic:00;strong%5:00:00:alcoholic:00
strong%5:00:00:fresh:01;warm%5:00:00:fresh:01
firm%5:00:00:forceful:00;strong%5:00:00:forceful:00
continue%2:42:01::;go_on%2:42:00::;proceed%2:42:00::;go_along%2:42:00::;keep%2:42:07::
keep%2:40:00::;hold_on%2:40:00::
observe%2:41:04::;keep%2:41:03::
observe%2:31:00::;keep%2:31:00::;maintain%2:31:00::
keep%2:40:01::
keep%2:32:00::;maintain%2:32:04::
keep%2:42:01::
retain%2:41:01::;continue%2:41:00::;keep%2:41:02::;keep_on%2:41:00::
sustain%2:34:00::;keep%2:34:00::;maintain%2:34:00::
keep%2:42:03::;stay_fresh%2:42:00::
observe%2:41:02::;celebrate%2:41:01::;keep%2:41:05::
restrain%2:41:01::;keep%2:41:00::;keep_back%2:41:00::;hold_back%2:41:00::
keep%2:42:02::;preserve%2:42:01::
keep%2:42:12::
keep_open%2:40:00::;hold_open%2:40:00::;keep%2:40:09::;save%2:40:03::
keep%2:40:13::
keep%2:40:12::
keep%2:40:10::;maintain%2:40:10::
keep%2:35:10::
preserve%2:30:00::;keep%2:30:10::
democrat%1:18:01::
democrat%1:18:00::;populist%1:18:00::
finally%4:02:02::;eventually%4:02:00::
ultimately%4:02:01::;finally%4:02:00::;in_the_end%4:02:00::;at_last%4:02:00::;at_long_last%4:02:00::
last%4:02:01::;lastly%4:02:00::;in_conclusion%4:02:00::;finally%4:02:03::
fare%2:34:00::
better%4:02:00::
better%4:02:01::;best%4:02:03::
senate%1:14:00::
united_states_senate%1:14:00::;u.s._senate%1:14:00::;us_senate%1:14:00::;senate%1:14:01::
political_campaign%1:11:00::;campaign%1:11:00::;run%1:11:03::
campaign%1:04:02::;cause%1:04:01::;crusade%1:04:00::;drive%1:04:02::;movement%1:04:03::;effort%1:04:03::
campaign%1:04:00::;military_campaign%1:04:00::
campaign%1:04:01::;hunting_expedition%1:04:00::;safari%1:04:00::
count%2:42:00::;matter%2:42:00::;weigh%2:42:03::
chamber%1:06:00::
chamber%1:08:00::
chamber%1:06:02::
chamber%1:14:00::
bedroom%1:06:00::;sleeping_room%1:06:00::;sleeping_accommodation%1:06:00::;chamber%1:06:01::;bedchamber%1:06:00::
precisely%4:02:00::;exactly%4:02:01::;just%4:02:05::
precisely%4:02:01::;incisively%4:02:01::;exactly%4:02:02::
precisely%4:02:02::;exactly%4:02:04::;on_the_nose%4:02:00::;on_the_dot%4:02:00::;on_the_button%4:02:00::
expect%2:31:00::;anticipate%2:31:00::
ask%2:32:05::;require%2:32:01::;expect%2:32:00::
expect%2:31:01::;look%2:31:00::;await%2:31:00::;wait%2:31:00::
expect%2:31:05::
expect%2:29:02::
have_a_bun_in_the_oven%2:29:00::;bear%2:29:00::;carry%2:29:00::;gestate%2:29:00::;expect%2:29:00::
counterpart%1:09:00::;opposite_number%1:09:00::;vis-a-vis%1:09:00::
counterpart%1:06:00::;similitude%1:06:00::;twin%1:06:00::
empirical%3:00:00::;empiric%3:00:00::
empiric%3:01:00::;empirical%3:01:00::
support%1:04:04::
support%1:04:00::
support%1:09:00::
support%1:04:03::;reinforcement%1:04:01::;reenforcement%1:04:00::
documentation%1:04:00::;support%1:04:02::
support%1:21:00::;keep%1:21:00::;livelihood%1:21:00::;living%1:21:00::;bread_and_butter%1:21:00::;sustenance%1:21:00::
support%1:06:01::
support%1:04:01::;supporting%1:04:00::
accompaniment%1:10:00::;musical_accompaniment%1:10:00::;backup%1:10:00::;support%1:10:01::
support%1:06:00::
support%1:21:01::;financial_support%1:21:00::;funding%1:21:00::;backing%1:21:00::;financial_backing%1:21:00::
piece%1:06:00::
piece%1:06:05::
part%1:17:00::;piece%1:17:00::
musical_composition%1:10:00::;opus%1:10:00::;composition%1:10:01::;piece%1:10:01::;piece_of_music%1:10:00::
piece%1:11:00::;bit%1:11:00::
piece%1:10:02::
firearm%1:06:00::;piece%1:06:03::;small-arm%1:06:00::
piece%1:13:00::;slice%1:13:00::
piece%1:07:00::
objet_d'art%1:06:00::;art_object%1:06:00::;piece%1:06:04::
while%1:28:00::;piece%1:28:00::;spell%1:28:01::;patch%1:28:00::
slice%1:21:00::;piece%1:21:00::
man%1:06:00::;piece%1:06:02::
evidence%1:09:00::;grounds%1:09:00::
evidence%1:10:01::
evidence%1:10:00::
confirm%2:31:00::;corroborate%2:31:00::;sustain%2:31:00::;substantiate%2:31:00::;support%2:31:00::;affirm%2:31:00::
validate%2:32:00::;corroborate%2:32:00::
corroborate%2:42:00::;underpin%2:42:00::;bear_out%2:42:00::;support%2:42:00::
cardinal%5:00:00:important:00;central%5:00:00:important:00;fundamental%5:00:00:important:00;key%5:00:00:important:00;primal%5:00:00:important:00
colleague%1:18:00::;co-worker%1:18:00::;fellow_worker%1:18:00::;workfellow%1:18:00::
colleague%1:18:01::;confrere%1:18:00::;fellow%1:18:03::
economist%1:18:00::;economic_expert%1:18:00::
bennett%1:18:00::;floyd_bennett%1:18:00::
find%2:40:02::;happen%2:40:12::;chance%2:40:12::;bump%2:40:12::;encounter%2:40:00::
detect%2:39:00::;observe%2:39:02::;find%2:39:02::;discover%2:39:03::;notice%2:39:04::
find%2:40:00::;regain%2:40:01::
determine%2:32:00::;find%2:32:00::;find_out%2:32:00::;ascertain%2:32:01::
find%2:31:10::;feel%2:31:00::
witness%2:39:01::;find%2:39:01::;see%2:39:02::
line_up%2:40:00::;get_hold%2:40:00::;come_up%2:40:00::;find%2:40:01::
discover%2:36:00::;find%2:36:00::
discover%2:31:00::;find%2:31:09::
find%2:40:03::
rule%2:32:00::;find%2:32:01::
receive%2:30:01::;get%2:30:03::;find%2:30:00::;obtain%2:30:00::;incur%2:30:00::
find%2:39:05::
recover%2:40:00::;retrieve%2:40:00::;find%2:40:15::;regain%2:40:00::
find%2:38:10::
find_oneself%2:30:00::;find%2:30:13::
senator%1:18:00::
backtrack%2:38:00::;turn_back%2:38:00::;double_back%2:38:00::
revert%2:30:00::;return%2:30:00::;retrovert%2:30:00::;regress%2:30:01::;turn_back%2:30:00::
chase_away%2:38:00::;drive_out%2:38:01::;turn_back%2:38:02::;drive_away%2:38:00::;dispel%2:38:00::;drive_off%2:38:06::;run_off%2:38:00::
check%2:33:06::;turn_back%2:33:00::;arrest%2:33:00::;stop%2:33:00::;contain%2:33:00::;hold_back%2:33:00::
turn_back%2:30:09::;invert%2:30:00::;reverse%2:30:01::
approximately%4:02:00::;about%4:02:00::;close_to%4:02:00::;just_about%4:02:00::;some%4:02:00::;roughly%4:02:00::;more_or_less%4:02:00::;around%4:02:03::;or_so%4:02:00::
roughly%4:02:03::;rough%4:02:03::
roughly%4:02:02::;rough%4:02:00::
allocate%2:40:00::;apportion%2:40:01::
personal%3:00:00::
personal%5:00:00:subjective:00
personal%3:01:01::
personal%5:00:00:physical:00
personal%3:01:00::
staff%1:14:01::
staff%1:06:00::
staff%1:14:00::;faculty%1:14:00::
staff%1:27:00::
staff%1:10:01::
staff%1:10:00::;stave%1:10:00::
budget%1:21:02::
budget%1:21:03::
primary%3:00:00::
primary%5:00:00:underived:00
chief%5:00:02:important:00;main%5:00:00:important:00;primary%5:00:00:important:00;principal%5:00:00:important:00;master%5:00:00:important:00
elementary%5:00:00:basic:00;elemental%5:00:00:basic:00;primary%5:00:00:basic:00
basal%5:00:00:essential:00;primary%5:00:00:essential:00
duty%1:04:02::
duty%1:21:00::;tariff%1:21:00::
involve%2:42:01::;affect%2:42:00::;regard%2:42:00::
involve%2:42:04::
imply%2:42:01::;involve%2:42:00::
involve%2:42:02::
involve%2:31:00::
involve%2:30:00::
doctrine%1:09:00::;philosophy%1:09:01::;philosophical_system%1:09:00::;school_of_thought%1:09:00::;ism%1:09:00::
philosophy%1:09:00::
philosophy%1:09:02::
leave%2:42:00::;result%2:42:02::;lead%2:42:04::
lead%2:42:12::
lead%2:38:00::;head%2:38:02::
lead%2:32:00::
head%2:41:00::;lead%2:41:00::
lead%2:42:01::;top%2:42:11::
contribute%2:41:12::;lead%2:41:12::;conduce%2:41:12::
conduct%2:36:00::;lead%2:36:00::;direct%2:36:02::
go%2:42:08::;lead%2:42:03::
precede%2:38:00::;lead%2:38:02::
moderate%2:32:00::;chair%2:32:00::;lead%2:32:01::
narrow%3:00:00::
narrow%5:00:00:limited:00
narrow-minded%3:00:00::;narrow%3:00:06::
narrow%3:00:02::
minute%5:00:00:careful:00;narrow%5:00:00:careful:00
concern%1:09:00::
concern%1:12:01::;care%1:12:01::;fear%1:12:01::
concern%1:12:00::
concern%1:09:01::;worry%1:09:00::;headache%1:09:00::;vexation%1:09:00::
business%1:14:00::;concern%1:14:00::;business_concern%1:14:00::;business_organization%1:14:00::;business_organisation%1:14:00::
second%5:00:00:ordinal:00;2nd%5:00:00:ordinal:00;2d%5:00:00:ordinal:00
second%3:00:00::
valid%3:00:00::
valid%5:00:00:unexpired:00
attendance%1:04:00::;attending%1:04:01::
attendance%1:28:00::
attendance%1:14:00::
rate%1:28:00::
rate%1:21:00::;charge_per_unit%1:21:00::
pace%1:07:01::;rate%1:07:00::
rate%1:24:00::
reflect%2:39:01::
chew_over%2:31:00::;think_over%2:31:00::;meditate%2:31:00::;ponder%2:31:00::;excogitate%2:31:00::;contemplate%2:31:01::;muse%2:31:00::;reflect%2:31:00::;mull%2:31:00::;mull_over%2:31:00::;ruminate%2:31:00::;speculate%2:31:00::
reflect%2:39:00::;reverberate%2:39:04::
reflect%2:43:00::;shine%2:43:01::
reflect%2:39:02::
reflect%2:32:01::
reflect%2:32:00::
participate%2:41:00::;take_part%2:41:00::
enter%2:33:00::;participate%2:33:00::
away%4:02:00::;off%4:02:03::;forth%4:02:00::
away%4:02:01::;out%4:02:03::
aside%4:02:01::;away%4:02:03::
away%4:02:04::
off%4:02:00::;away%4:02:08::
away%4:02:05::
away%4:02:09::
away%4:02:10::
away%4:02:07::
away%4:02:06::;aside%4:02:06::
aside%4:02:03::;by%4:02:01::;away%4:02:02::
otherwise%4:02:01::
differently%4:02:00::;otherwise%4:02:03::;other_than%4:02:00::
give%2:32:03::;dedicate%2:32:00::;consecrate%2:32:04::;commit%2:32:01::;devote%2:32:00::
devote%2:40:00::
indeed%4:02:03::;so%4:02:00::
indeed%4:02:02::
datum%1:09:00::;data_point%1:09:00::
case%1:11:00::;instance%1:11:00::;example%1:11:00::
event%1:26:00::;case%1:26:00::
lawsuit%1:04:00::;suit%1:04:00::;case%1:04:00::;cause%1:04:00::;causa%1:04:00::
case%1:09:00::
case%1:06:00::
case%1:18:03::
subject%1:18:01::;case%1:18:02::;guinea_pig%1:18:00::
case%1:10:02::
case%1:10:01::
case%1:23:00::;caseful%1:23:00::
case%1:10:00::;grammatical_case%1:10:00::
case%1:26:02::
character%1:18:00::;eccentric%1:18:01::;type%1:18:00::;case%1:18:04::
font%1:10:00::;fount%1:10:00::;typeface%1:10:00::;face%1:10:00::;case%1:10:03::
sheath%1:08:00::;case%1:08:00::
shell%1:06:02::;case%1:06:06::;casing%1:06:01::
casing%1:06:00::;case%1:06:07::
case%1:06:03::;compositor's_case%1:06:00::;typesetter's_case%1:06:00::
case%1:06:02::;pillowcase%1:06:00::;slip%1:06:02::;pillow_slip%1:06:00::
case%1:06:01::;display_case%1:06:00::;showcase%1:06:00::;vitrine%1:06:00::
exceed%2:42:01::;transcend%2:42:00::;surpass%2:42:01::
exceed%2:42:00::;transcend%2:42:01::;overstep%2:42:00::;pass%2:42:04::;go_past%2:42:00::;top%2:42:00::
surpass%2:33:00::;outstrip%2:33:00::;outmatch%2:33:00::;outgo%2:33:00::;exceed%2:33:00::;outdo%2:33:00::;surmount%2:33:01::;outperform%2:33:00::
show%1:04:00::
display%1:10:01::;show%1:10:03::
show%1:10:00::
appearance%1:04:02::;show%1:04:01::
table%1:14:00::;tabular_array%1:14:00::
table%1:06:01::
table%1:06:02::
mesa%1:17:00::;table%1:17:00::
table%1:14:01::
board%1:13:00::;table%1:13:01::
higher%5:00:02:high:02
higher%5:00:01:high:02
proportion%1:24:00::
proportion%1:07:00::;dimension%1:07:01::
symmetry%1:25:00::;proportion%1:25:00::
proportion%1:24:01::;ratio%1:24:00::
proportion%1:07:01::;proportionality%1:07:00::;balance%1:07:00::
activity%1:04:00::
bodily_process%1:22:00::;body_process%1:22:00::;bodily_function%1:22:00::;activity%1:22:00::
activity%1:26:01::
activeness%1:07:00::;activity%1:07:00::
washington%1:15:01::;washington_d.c.%1:15:00::;american_capital%1:15:00::;capital_of_the_united_states%1:15:00::
washington%1:15:00::;evergreen_state%1:15:00::;wa%1:15:00::
capital%1:14:00::;washington%1:14:00::
washington%1:18:00::;george_washington%1:18:00::;president_washington%1:18:00::
washington%1:18:01::;booker_t._washington%1:18:00::;booker_taliaferro_washington%1:18:00::
examination%1:04:00::;scrutiny%1:04:00::
examination%1:10:00::;exam%1:10:00::;test%1:10:00::
interrogation%1:10:00::;examination%1:10:01::;interrogatory%1:10:00::
examen%1:09:00::;examination%1:09:03::
examination%1:04:02::;testing%1:04:02::
change%1:11:00::;alteration%1:11:00::;modification%1:11:00::
change%1:24:00::
change%1:04:00::
change%1:19:00::
change%1:21:02::
change%1:06:01::
change%1:06:00::
change%1:21:01::
change%1:21:03::
variety%1:07:01::;change%1:07:00::
decision%1:04:00::;determination%1:04:01::;conclusion%1:04:01::
decision%1:09:00::;determination%1:09:00::;conclusion%1:09:00::
decision%1:11:02::
decision%1:11:01::
decisiveness%1:07:00::;decision%1:07:00::
control%1:07:00::
control%1:24:00::
control%1:04:02::
control_condition%1:09:00::;control%1:09:02::
control%1:04:00::
dominance%1:26:00::;ascendance%1:26:00::;ascendence%1:26:00::;ascendancy%1:26:00::;ascendency%1:26:00::;control%1:26:00::
restraint%1:07:00::;control%1:07:01::
command%1:09:00::;control%1:09:01::;mastery%1:09:00::
control%1:06:00::;controller%1:06:00::
control%1:18:00::
control%1:10:00::
body%1:08:00::;organic_structure%1:08:00::;physical_structure%1:08:00::
body%1:14:00::
body%1:08:02::;dead_body%1:08:00::
body%1:17:00::
torso%1:08:00::;trunk%1:08:00::;body%1:08:01::
body%1:14:02::
consistency%1:07:00::;consistence%1:07:00::;eubstance%1:07:00::;body%1:07:00::
body%1:10:00::
body%1:07:01::
soundbox%1:06:01::;body%1:06:01::
body%1:06:00::
change_hands%2:40:00::;change_owners%2:40:00::
furthermore%4:02:00::;moreover%4:02:00::;what_is_more%4:02:00::
uncover%2:39:00::;bring_out%2:39:00::;unveil%2:39:00::;reveal%2:39:00::
unwrap%2:32:00::;disclose%2:32:00::;let_on%2:32:00::;bring_out%2:32:06::;reveal%2:32:00::;discover%2:32:04::;expose%2:32:01::;divulge%2:32:00::;break%2:32:00::;give_away%2:32:00::;let_out%2:32:00::
reveal%2:39:04::
difference%1:07:00::
deviation%1:11:00::;divergence%1:11:00::;departure%1:11:01::;difference%1:11:00::
dispute%1:10:00::;difference%1:10:00::;difference_of_opinion%1:10:00::;conflict%1:10:00::
difference%1:24:00::
remainder%1:23:00::;difference%1:23:00::
note%2:32:00::;observe%2:32:00::;mention%2:32:00::;remark%2:32:00::
notice%2:39:00::;mark%2:39:00::;note%2:39:00::
note%2:39:02::;take_note%2:39:00::;observe%2:39:01::
note%2:32:01::;take_down%2:32:00::
impute%2:31:00::;ascribe%2:31:00::;assign%2:31:02::;attribute%2:31:00::
assign%2:31:03::;attribute%2:31:01::
exert%2:34:00::;exercise%2:34:00::
exercise%2:29:00::;work_out%2:29:00::
drill%2:31:00::;exercise%2:31:00::;practice%2:31:00::;practise%2:31:00::
due%3:00:00::
due%5:00:00:expected:00
due%3:00:02::
ascribable%5:00:00:attributable:00;due%5:00:00:attributable:00;imputable%5:00:00:attributable:00;referable%5:00:00:attributable:00
majority%1:07:00::;bulk%1:07:02::
majority%1:23:00::;absolute_majority%1:23:00::
majority%1:28:00::;legal_age%1:28:00::
status%1:26:00::;position%1:26:00::
condition%1:26:00::;status%1:26:01::
resource%1:21:00::
resource%1:07:00::
resource%1:09:00::;resourcefulness%1:09:00::;imagination%1:09:03::
committee%1:14:00::;commission%1:14:00::
committee%1:14:01::;citizens_committee%1:14:00::
extra%5:00:00:additive:00;additional%5:00:03:additive:00
factor%1:11:00::
divisor%1:23:01::;factor%1:23:00::
factor%1:23:01::
factor%1:09:01::
gene%1:08:00::;cistron%1:08:00::;factor%1:08:00::
changeless%5:00:00:invariable:00;constant%5:00:00:invariable:00;invariant%5:00:01:invariable:00;unvarying%5:00:00:invariable:00
constant%3:00:00::
ceaseless%5:00:00:continuous:01;constant%5:00:00:continuous:01;incessant%5:00:00:continuous:01;never-ending%5:00:00:continuous:01;perpetual%5:00:00:continuous:01;unceasing%5:00:00:continuous:01;unremitting%5:00:00:continuous:01
tenure%1:28:00::;term_of_office%1:28:00::;incumbency%1:28:00::
incumbency%1:04:01::
incumbency%1:04:00::
advantage%1:07:00::;vantage%1:07:00::
advantage%1:23:00::
advantage%1:07:01::;reward%1:07:00::
regional%3:01:00::
regional%5:00:00:territorial:00
senatorial%3:01:00::
behave%2:41:01::;acquit%2:41:00::;bear%2:41:00::;deport%2:41:02::;conduct%2:41:01::;comport%2:41:01::;carry%2:41:01::
impart%2:38:00::;conduct%2:38:00::;transmit%2:38:00::;convey%2:38:02::;carry%2:38:03::;channel%2:38:01::
conduct%2:36:04::
prove%2:42:00::;turn_out%2:42:00::;turn_up%2:42:03::
turn_out%2:42:01::
turn_out%2:36:01::
turn_out%2:42:02::;come_out%2:42:00::
turn_out%2:30:00::
bear%2:36:00::;turn_out%2:36:00::
eject%2:35:01::;chuck_out%2:35:00::;exclude%2:35:00::;turf_out%2:35:00::;boot_out%2:35:00::;turn_out%2:35:00::
turn_out%2:41:03::
turn_out%2:40:03::
turn_out%2:38:00::;splay%2:38:00::;spread_out%2:38:03::;rotate%2:38:07::
switch_off%2:35:00::;cut%2:35:08::;turn_off%2:35:00::;turn_out%2:35:01::
get_up%2:29:00::;turn_out%2:29:00::;arise%2:29:00::;uprise%2:29:00::;rise%2:29:08::
positive%3:00:01::
convinced%5:00:00:certain:02;positive%5:00:00:certain:02;confident%5:00:00:certain:02
plus%5:00:00:advantageous:00;positive%5:00:00:advantageous:00
positive%3:00:04::;confirming%3:00:02::
positive%5:00:00:formal:01;prescribed%5:00:00:formal:01
incontrovertible%5:00:00:undeniable:00;irrefutable%5:00:00:undeniable:00;positive%5:00:00:undeniable:00
positivist%3:01:00::;positivistic%3:01:00::;positive%3:01:00::
positive%3:00:05::
positive%5:00:00:plus:00
positive%5:00:00:charged:00;electropositive%5:00:00:charged:00;positively_charged%5:00:00:charged:00
cocksure%5:00:00:confident:00;overconfident%5:00:00:confident:00;positive%5:00:00:confident:00
function%1:24:00::;mathematical_function%1:24:00::;single-valued_function%1:24:00::;map%1:24:00::;mapping%1:24:00::
function%1:24:01::
function%1:14:00::
affair%1:11:00::;occasion%1:11:01::;social_occasion%1:11:00::;function%1:11:00::;social_function%1:11:00::
routine%1:10:00::;subroutine%1:10:00::;subprogram%1:10:00::;procedure%1:10:00::;function%1:10:00::
burdensome%5:00:00:heavy:02;onerous%5:00:00:heavy:02;taxing%5:00:00:heavy:02
federal_government%1:14:00::
burden%1:09:01::;load%1:09:00::;encumbrance%1:09:00::;incumbrance%1:09:00::;onus%1:09:00::
load%1:06:00::;loading%1:06:01::;burden%1:06:01::
effect%1:10:00::;essence%1:10:00::;burden%1:10:00::;core%1:10:00::;gist%1:10:00::
burden%1:09:00::
progressive%3:00:01::
progressive%5:00:00:liberal:00;reformist%5:00:00:liberal:00;reform-minded%5:00:00:liberal:00
progressive%3:00:02::
progressive%5:00:00:increasing:00
progressive%5:00:00:ordered:00
progressive%5:00:00:active:02
tax_rate%1:21:00::
hit%2:35:03::
hit%2:35:01::;strike%2:35:01::;impinge_on%2:35:00::;run_into%2:35:01::;collide_with%2:35:00::
hit%2:35:00::
hit%2:35:05::;strike%2:35:02::
shoot%2:33:01::;hit%2:33:01::;pip%2:33:01::
stumble%2:40:10::;hit%2:40:05::
score%2:33:00::;hit%2:33:02::;tally%2:33:00::;rack_up%2:33:01::
strike%2:33:00::;hit%2:33:00::
murder%2:41:00::;slay%2:41:00::;hit%2:41:00::;dispatch%2:41:01::;bump_off%2:41:00::;off%2:41:00::;polish_off%2:41:00::;remove%2:41:01::
hit%2:38:02::;strike%2:38:02::
reach%2:38:00::;hit%2:38:07::;attain%2:38:00::
strike%2:35:03::;hit%2:35:02::
hit%2:34:00::
hit%2:33:03::
hit%2:32:12::
high%3:00:02::
high%3:00:01::
eminent%5:00:00:superior:01;high%5:00:00:superior:01
high%3:00:03::;high-pitched%3:00:00::
high%5:00:00:elated:00;in_high_spirits%5:00:00:elated:00
gamey%5:00:00:malodorous:00;gamy%5:00:00:malodorous:00;high%5:00:00:malodorous:00
high%5:00:00:intoxicated:00;mellow%5:00:00:intoxicated:00
income%1:21:00::
merely%4:02:00::;simply%4:02:00::;just%4:02:00::;only%4:02:02::;but%4:02:01::
just%4:02:03::;simply%4:02:03::
simply%4:02:02::
plainly%4:02:01::;simply%4:02:01::
watch%2:39:02::;look_on%2:39:00::
think_of%2:31:01::;repute%2:31:00::;regard_as%2:31:00::;look_upon%2:31:00::;look_on%2:31:00::;esteem%2:31:00::;take_to_be%2:31:00::
kindly%4:02:00::
same%3:00:02::
same%3:00:00::
like%3:00:02::;same%3:00:04::
same%5:00:00:unchanged:00
typically%4:02:00::
divide%2:41:00::;split%2:41:03::;split_up%2:41:02::;separate%2:41:01::;dissever%2:41:00::;carve_up%2:41:00::
cleave%2:35:00::;split%2:35:00::;rive%2:35:01::
separate%2:41:02::;part%2:41:00::;split_up%2:41:01::;split%2:41:00::;break%2:41:13::;break_up%2:41:00::
separate%2:38:00::;part%2:38:02::;split%2:38:00::
burst%2:30:00::;split%2:30:01::;break_open%2:30:01::
line%1:14:03::
line%1:10:01::
line%1:14:01::
line%1:25:00::
line%1:10:02::
line%1:19:00::
line%1:15:02::
argumentation%1:09:00::;logical_argument%1:09:00::;argument%1:09:01::;line_of_reasoning%1:09:00::;line%1:09:01::
cable%1:06:02::;line%1:06:01::;transmission_line%1:06:00::
course%1:14:00::;line%1:14:02::
line%1:15:00::
wrinkle%1:25:00::;furrow%1:25:00::;crease%1:25:01::;crinkle%1:25:00::;seam%1:25:01::;line%1:25:01::
pipeline%1:06:00::;line%1:06:06::
line%1:06:03::;railway_line%1:06:00::;rail_line%1:06:00::
telephone_line%1:06:00::;phone_line%1:06:00::;telephone_circuit%1:06:00::;subscriber_line%1:06:00::;line%1:06:07::
line%1:04:01::
lineage%1:14:00::;line%1:14:00::;line_of_descent%1:14:00::;descent%1:14:00::;bloodline%1:14:00::;blood_line%1:14:00::;blood%1:14:00::;pedigree%1:14:00::;ancestry%1:14:00::;origin%1:14:00::;parentage%1:14:00::;stemma%1:14:00::;stock%1:14:01::
line%1:06:00::
occupation%1:04:00::;business%1:04:00::;job%1:04:00::;line_of_work%1:04:00::;line%1:04:00::
line%1:15:01::
channel%1:10:01::;communication_channel%1:10:00::;line%1:10:05::
line%1:06:08::;product_line%1:06:00::;line_of_products%1:06:00::;line_of_merchandise%1:06:00::;business_line%1:06:00::;line_of_business%1:06:00::
line%1:06:05::
agate_line%1:23:00::;line%1:23:00::
credit_line%1:21:00::;line_of_credit%1:21:00::;bank_line%1:21:00::;line%1:21:00::;personal_credit_line%1:21:00::;personal_line_of_credit%1:21:00::
tune%1:10:00::;melody%1:10:00::;air%1:10:01::;strain%1:10:00::;melodic_line%1:10:00::;line%1:10:03::;melodic_phrase%1:10:00::
line%1:10:06::
note%1:10:03::;short_letter%1:10:00::;line%1:10:04::;billet%1:10:00::
line%1:09:00::;dividing_line%1:09:00::;demarcation%1:09:00::;contrast%1:09:01::
production_line%1:06:00::;assembly_line%1:06:00::;line%1:06:09::
reverse%1:06:00::;reverse_gear%1:06:00::
reverse%1:11:01::;reversal%1:11:02::;setback%1:11:01::;blow%1:11:02::;black_eye%1:11:00::
reverse%1:06:02::;verso%1:06:00::
reverse%1:04:00::
reversion%1:04:01::;reverse%1:04:01::;reversal%1:04:04::;turnabout%1:04:00::;turnaround%1:04:00::
econometric%3:01:00::
probe%1:09:00::;investigation%1:09:00::
investigation%1:04:00::;investigating%1:04:00::
travel%2:38:00::;go%2:38:00::;move%2:38:03::;locomote%2:38:00::
go%2:41:00::;proceed%2:41:00::;move%2:41:01::
go%2:38:01::;go_away%2:38:05::;depart%2:38:04::
go%2:42:06::
proceed%2:30:00::;go%2:30:01::
go%2:30:08::
go%2:42:07::
sound%2:39:00::;go%2:39:00::
run_low%2:34:00::;run_short%2:34:00::;go%2:34:00::
survive%2:42:01::;last%2:42:01::;live%2:42:04::;live_on%2:42:00::;go%2:42:14::;endure%2:42:00::;hold_up%2:42:00::;hold_out%2:42:00::
go%2:42:03::
die%2:30:00::;decease%2:30:00::;perish%2:30:00::;go%2:30:00::;exit%2:30:00::;pass_away%2:30:00::;expire%2:30:00::;pass%2:30:11::;kick_the_bucket%2:30:00::;cash_in_one's_chips%2:30:00::;buy_the_farm%2:30:00::;conk%2:30:00::;give-up_the_ghost%2:30:00::;drop_dead%2:30:00::;pop_off%2:30:00::;choke%2:30:01::;croak%2:30:00::;snuff_it%2:30:00::
belong%2:42:03::;go%2:42:04::
go%2:42:10::
start%2:38:00::;go%2:38:09::;get_going%2:38:00::
move%2:33:00::;go%2:33:00::
go%2:42:13::
go%2:42:12::
blend%2:42:00::;go%2:42:11::;blend_in%2:42:00::
fit%2:42:02::;go%2:42:05::
rifle%2:35:13::;go%2:35:13::
go%2:34:09::
plump%2:31:12::;go%2:31:12::
fail%2:30:00::;go_bad%2:30:01::;give_way%2:30:00::;die%2:30:04::;give_out%2:30:00::;conk_out%2:30:00::;go%2:30:03::;break%2:30:05::;break_down%2:30:00::
gubernatorial%3:01:00::
sum%1:21:00::;sum_of_money%1:21:00::;amount%1:21:00::;amount_of_money%1:21:00::
sum%1:09:01::;amount%1:09:00::;total%1:09:00::
sum%1:14:00::;summation%1:14:00::;sum_total%1:14:00::
kernel%1:09:00::;substance%1:09:01::;core%1:09:00::;center%1:09:00::;centre%1:09:00::;essence%1:09:00::;gist%1:09:00::;heart%1:09:01::;heart_and_soul%1:09:00::;inwardness%1:09:02::;marrow%1:09:00::;meat%1:09:00::;nub%1:09:00::;pith%1:09:00::;sum%1:09:00::;nitty-gritty%1:09:00::
sum%1:06:00::;total%1:06:00::;totality%1:06:00::;aggregate%1:06:00::
union%1:14:03::;sum%1:14:01::;join%1:14:00::
part%1:06:00::;portion%1:06:00::
part%1:09:02::
region%1:15:00::;part%1:15:00::
part%1:09:00::;section%1:09:00::;division%1:09:00::
part%1:08:01::;parting%1:08:00::
part%1:10:00::;voice%1:10:02::
apparently%4:02:00::;seemingly%4:02:00::;ostensibly%4:02:00::;on_the_face_of_it%4:02:00::
irrational%3:00:00::
irrational%3:01:00::
behavior%1:04:00::;behaviour%1:04:00::;conduct%1:04:00::;doings%1:04:00::
behavior%1:26:00::;behaviour%1:26:00::
demeanor%1:07:00::;demeanour%1:07:00::;behavior%1:07:00::;behaviour%1:07:00::;conduct%1:07:00::;deportment%1:07:00::
behavior%1:04:01::;behaviour%1:04:01::
rational%3:00:00::
intellectual%5:00:00:mental:00;rational%5:00:00:mental:00;noetic%5:00:00:mental:00
rational%3:01:00::
rational%5:00:00:intellectual:00
mister%1:10:00::;mr%1:10:00::;mr.%1:10:00::
teach%2:32:00::;learn%2:32:00::;instruct%2:32:00::
teach%2:30:00::
university%1:14:00::
university%1:06:00::
university%1:14:01::
business_school%1:14:00::
