reach%2:38:01::;make%2:38:00::;attain%2:38:01::;hit%2:38:00::;arrive_at%2:38:00::;gain%2:38:00::
reach%2:38:00::;hit%2:38:07::;attain%2:38:00::
reach%2:35:00::;reach_out%2:35:00::
reach%2:32:00::;get_through%2:32:00::;get_hold_of%2:32:00::;contact%2:32:00::
achieve%2:41:00::;accomplish%2:41:00::;attain%2:41:00::;reach%2:41:00::
reach%2:42:00::;extend_to%2:42:00::;touch%2:42:01::
reach%2:38:06::;make%2:38:02::;get_to%2:38:02::;progress_to%2:38:00::
pass%2:40:00::;hand%2:40:00::;reach%2:40:00::;pass_on%2:40:01::;turn_over%2:40:00::;give%2:40:06::
strive%2:33:00::;reach%2:33:00::;strain%2:33:00::
back%4:02:04::
back%4:02:00::;backward%4:02:03::;backwards%4:02:03::;rearward%4:02:00::;rearwards%4:02:00::
back%4:02:05::
back%4:02:01::;backward%4:02:02::
back%4:02:06::
back%4:02:03::
french%1:10:00::
french%1:18:00::;french_people%1:18:00::
french%1:18:01::;daniel_chester_french%1:18:00::
monsieur%1:18:00::
clipboard%1:06:00::
lean%2:38:00::;tilt%2:38:00::;tip%2:38:01::;slant%2:38:00::;angle%2:38:00::
lean%2:35:00::
tend%2:42:01::;be_given%2:42:00::;lean%2:42:01::;incline%2:42:01::;run%2:42:01::
lean%2:31:10::
list%2:38:01::;lean%2:38:07::
shoulder%1:08:00::
shoulder%1:13:00::
shoulder%1:08:02::;shoulder_joint%1:08:00::;articulatio_humeri%1:08:00::
shoulder%1:06:01::
shoulder%1:06:00::;berm%1:06:00::
coffee%1:13:00::;java%1:13:00::
coffee%1:20:00::;coffee_tree%1:20:00::
coffee_bean%1:13:00::;coffee_berry%1:13:00::;coffee%1:13:01::
chocolate%1:07:00::;coffee%1:07:00::;deep_brown%1:07:00::;umber%1:07:00::;burnt_umber%1:07:00::
phase%1:28:00::;stage%1:28:00::
phase%1:26:00::;form%1:26:00::
phase%1:28:01::;phase_angle%1:28:00::
phase%1:07:00::
dinner%1:13:00::
dinner%1:14:00::;dinner_party%1:14:00::
ask%2:32:00::;inquire%2:32:01::;enquire%2:32:00::
ask%2:32:01::
ask%2:32:02::
ask%2:32:05::;require%2:32:01::;expect%2:32:00::
ask%2:32:04::
necessitate%2:42:00::;ask%2:42:00::;postulate%2:42:00::;need%2:42:00::;require%2:42:00::;take%2:42:00::;involve%2:42:07::;call_for%2:42:00::;demand%2:42:00::
ask%2:32:09::
desire%2:37:00::;want%2:37:00::
want%2:34:00::;need%2:34:00::;require%2:34:00::
want%2:35:00::
want%2:31:01::
want%2:42:01::
ride%2:38:01::;sit%2:38:03::
ride%2:38:00::
ride%2:42:00::
ride%2:38:02::
tease%2:32:00::;razz%2:32:00::;rag%2:32:01::;cod%2:32:00::;tantalize%2:32:00::;tantalise%2:32:00::;bait%2:32:00::;taunt%2:32:00::;twit%2:32:00::;rally%2:32:00::;ride%2:32:00::
ride%2:42:04::
drive%2:42:00::;ride%2:42:03::
depend_on%2:42:00::;devolve_on%2:42:00::;depend_upon%2:42:00::;ride%2:42:07::;turn_on%2:42:00::;hinge_on%2:42:00::;hinge_upon%2:42:00::
ride%2:42:02::
ride%2:38:04::
ride%2:38:03::
ride%2:38:07::
ride%2:35:00::
ride%2:35:03::;mount%2:35:07::
last-minute%5:00:00:unpunctual:00
read%2:31:00::
read%2:42:00::;say%2:42:00::
read%2:31:01::
read%2:31:06::;scan%2:31:00::
read%2:31:02::
take%2:31:07::;read%2:31:09::
learn%2:31:02::;study%2:31:00::;read%2:31:05::;take%2:31:02::
read%2:32:02::;register%2:32:00::;show%2:32:04::;record%2:32:03::
read%2:36:05::
read%2:31:08::
understand%2:31:03::;read%2:31:04::;interpret%2:31:02::;translate%2:31:00::
attendant%1:18:01::;attender%1:18:01::;attendee%1:18:01::;meeter%1:18:00::
french%3:01:00::;gallic%3:01:01::
journalism%1:10:00::;news_media%1:10:00::
journalism%1:04:00::
convention%1:14:00::
convention%1:09:00::;normal%1:09:00::;pattern%1:09:03::;rule%1:09:01::;formula%1:09:00::
convention%1:10:00::
conventionality%1:07:00::;convention%1:07:00::;conventionalism%1:07:00::
convention%1:04:00::;convening%1:04:00::
far%4:02:02::
far%4:02:00::
far%4:02:04::
far%4:02:01::
far%4:02:05::
celebration%1:04:00::;festivity%1:04:00::
take_up%2:30:00::
take_up%2:31:00::;latch_on%2:31:03::;fasten_on%2:31:00::;hook_on%2:31:00::;seize_on%2:31:00::
take_up%2:41:01::
take_up%2:42:00::
start%2:41:00::;take_up%2:41:00::
adopt%2:40:00::;borrow%2:40:01::;take_over%2:40:05::;take_up%2:40:00::
assume%2:38:00::;take%2:38:00::;strike%2:38:08::;take_up%2:38:03::
sorb%2:35:00::;take_up%2:35:04::
scoop%2:35:01::;scoop_out%2:35:02::;lift_out%2:35:02::;scoop_up%2:35:00::;take_up%2:35:00::
take_in%2:35:02::;take_up%2:35:01::
absorb%2:35:00::;suck%2:35:00::;imbibe%2:35:01::;soak_up%2:35:00::;sop_up%2:35:00::;suck_up%2:35:00::;draw%2:35:04::;take_in%2:35:04::;take_up%2:35:03::
take_in%2:34:01::;sop_up%2:34:00::;suck_in%2:34:00::;take_up%2:34:00::
resume%2:30:01::;take_up%2:30:01::
wholly%4:02:00::;entirely%4:02:00::;completely%4:02:04::;totally%4:02:00::;all%4:02:00::;altogether%4:02:04::;whole%4:02:00::
entirely%4:02:02::;exclusively%4:02:00::;solely%4:02:00::;alone%4:02:00::;only%4:02:01::
eating%1:04:00::;feeding%1:04:00::
drinking%1:04:00::;imbibing%1:04:00::;imbibition%1:04:00::
drink%1:04:00::;drinking%1:04:01::;boozing%1:04:00::;drunkenness%1:04:00::;crapulence%1:04:00::
smoke%1:04:00::;smoking%1:04:00::
smoke%1:22:00::;smoking%1:22:00::
sleeping%1:09:00::
quiescence%1:04:00::;quiescency%1:04:00::;dormancy%1:04:00::;sleeping%1:04:01::
sleeping%1:04:00::
man%1:18:00::;adult_male%1:18:00::
serviceman%1:18:00::;military_man%1:18:00::;man%1:18:03::;military_personnel%1:18:00::
man%1:18:04::
homo%1:05:00::;man%1:05:01::;human_being%1:05:00::;human%1:05:00::
man%1:18:08::
man%1:18:06::
valet%1:18:00::;valet_de_chambre%1:18:00::;gentleman%1:18:01::;gentleman's_gentleman%1:18:00::;man%1:18:05::
man%1:18:07::
man%1:15:00::;isle_of_man%1:15:00::
man%1:06:00::;piece%1:06:02::
world%1:05:00::;human_race%1:05:00::;humanity%1:05:00::;humankind%1:05:00::;human_beings%1:05:00::;humans%1:05:00::;mankind%1:05:00::;man%1:05:00::
represent%2:42:02::;stand_for%2:42:00::;correspond%2:42:01::
typify%2:32:00::;symbolize%2:32:00::;symbolise%2:32:00::;stand_for%2:32:01::;represent%2:32:02::
represent%2:41:02::
represent%2:41:00::
represent%2:32:00::
exemplify%2:42:00::;represent%2:42:01::
constitute%2:42:00::;represent%2:42:00::;make_up%2:42:00::;comprise%2:42:03::;be%2:42:02::
defend%2:41:00::;represent%2:41:06::
represent%2:36:01::;interpret%2:36:01::
act%2:36:00::;play%2:36:02::;represent%2:36:02::
stage%2:36:00::;present%2:36:00::;represent%2:36:11::
represent%2:32:12::
represent%2:32:10::
present%2:32:00::;represent%2:32:11::;lay_out%2:32:00::
map%2:30:00::;represent%2:30:06::
halfhearted%5:00:00:unenthusiastic:00;half-hearted%5:00:00:unenthusiastic:00;tepid%5:00:00:unenthusiastic:00;lukewarm%5:00:00:unenthusiastic:00
attempt%1:04:00::;effort%1:04:00::;endeavor%1:04:00::;endeavour%1:04:00::;try%1:04:00::
attack%1:04:02::;attempt%1:04:02::
introduce%2:32:00::;present%2:32:01::;acquaint%2:32:00::
introduce%2:36:00::;innovate%2:36:00::
insert%2:30:00::;enclose%2:30:00::;inclose%2:30:00::;stick_in%2:30:00::;put_in%2:30:00::;introduce%2:30:03::
bring_in%2:38:00::;introduce%2:38:00::
introduce%2:36:01::
insert%2:35:00::;infix%2:35:01::;enter%2:35:03::;introduce%2:35:00::
introduce%2:32:02::;bring_out%2:32:01::
introduce%2:31:00::
precede%2:32:03::;preface%2:32:00::;premise%2:32:01::;introduce%2:32:01::
inaugurate%2:30:00::;usher_in%2:30:00::;introduce%2:30:00::
spot%1:23:00::;bit%1:23:01::
bit%1:17:00::;chip%1:17:00::;flake%1:17:00::;fleck%1:17:00::;scrap%1:17:00::
moment%1:28:01::;mo%1:28:00::;minute%1:28:01::;second%1:28:01::;bit%1:28:00::
piece%1:11:00::;bit%1:11:00::
bit%1:06:01::
bit%1:23:00::
morsel%1:13:00::;bit%1:13:00::;bite%1:13:01::
snatch%1:10:00::;bit%1:10:01::
act%1:10:02::;routine%1:10:01::;number%1:10:04::;turn%1:10:00::;bit%1:10:00::
bit%1:06:02::
bit%1:06:00::
path%1:15:00::;route%1:15:00::;itinerary%1:15:00::
travel_guidebook%1:10:00::;itinerary%1:10:00::
travel_plan%1:09:00::;itinerary%1:09:00::
incarnate%2:42:00::;body_forth%2:42:00::;embody%2:42:01::;substantiate%2:42:00::
embody%2:42:00::;be%2:42:08::;personify%2:42:00::
embody%2:42:02::
state%1:15:01::;province%1:15:00::
state%1:03:00::
state%1:14:01::
state%1:14:00::;nation%1:14:00::;country%1:14:00::;land%1:14:00::;commonwealth%1:14:00::;res_publica%1:14:00::;body_politic%1:14:00::
state_of_matter%1:26:00::;state%1:26:02::
state%1:26:01::
country%1:15:00::;state%1:15:00::;land%1:15:02::
department_of_state%1:14:00::;united_states_department_of_state%1:14:00::;state_department%1:14:00::;state%1:14:02::;dos%1:14:00::
hit%2:39:00::;strike%2:39:00::;come_to%2:39:00::
refer%2:42:00::;pertain%2:42:01::;relate%2:42:00::;concern%2:42:00::;come_to%2:42:03::;bear_on%2:42:00::;touch%2:42:00::;touch_on%2:42:00::;have-to_doe_with%2:42:00::
come_to%2:41:00::;strike%2:41:02::
come_to%2:29:00::;revive%2:29:02::;resuscitate%2:29:01::
sport%1:04:00::;athletics%1:04:00::
athletic_contest%1:11:00::;athletic_competition%1:11:00::;athletics%1:11:00::
athletics%1:04:01::
try%2:41:00::;seek%2:41:00::;attempt%2:41:00::;essay%2:41:00::;assay%2:41:00::
test%2:41:00::;prove%2:41:03::;try%2:41:01::;try_out%2:41:00::;examine%2:41:00::;essay%2:41:01::
judge%2:41:09::;adjudicate%2:41:03::;try%2:41:06::
sample%2:34:00::;try%2:34:00::;try_out%2:34:00::;taste%2:34:00::
hear%2:41:00::;try%2:41:05::
try%2:37:01::
try%2:37:00::;strain%2:37:00::;stress%2:37:00::
try%2:30:00::;render%2:30:04::
try_on%2:29:00::;try%2:29:00::
find%2:40:02::;happen%2:40:12::;chance%2:40:12::;bump%2:40:12::;encounter%2:40:00::
detect%2:39:00::;observe%2:39:02::;find%2:39:02::;discover%2:39:03::;notice%2:39:04::
find%2:40:00::;regain%2:40:01::
determine%2:32:00::;find%2:32:00::;find_out%2:32:00::;ascertain%2:32:01::
find%2:31:10::;feel%2:31:00::
witness%2:39:01::;find%2:39:01::;see%2:39:02::
line_up%2:40:00::;get_hold%2:40:00::;come_up%2:40:00::;find%2:40:01::
discover%2:36:00::;find%2:36:00::
discover%2:31:00::;find%2:31:09::
find%2:40:03::
rule%2:32:00::;find%2:32:01::
receive%2:30:01::;get%2:30:03::;find%2:30:00::;obtain%2:30:00::;incur%2:30:00::
find%2:39:05::
recover%2:40:00::;retrieve%2:40:00::;find%2:40:15::;regain%2:40:00::
find%2:38:10::
find_oneself%2:30:00::;find%2:30:13::
machine%1:06:00::
machine%1:18:00::
machine%1:14:01::
machine%1:06:02::;simple_machine%1:06:00::
machine%1:14:00::;political_machine%1:14:00::
car%1:06:00::;auto%1:06:00::;automobile%1:06:00::;machine%1:06:01::;motorcar%1:06:00::
have%2:40:00::;have_got%2:40:00::;hold%2:40:00::
have%2:42:00::;feature%2:42:00::
experience%2:39:00::;receive%2:39:03::;have%2:39:06::;get%2:39:00::
own%2:40:00::;have%2:40:04::;possess%2:40:00::
get%2:30:02::;let%2:30:01::;have%2:30:00::
consume%2:34:00::;ingest%2:34:00::;take_in%2:34:00::;take%2:34:00::;have%2:34:00::
have%2:41:00::
hold%2:36:00::;throw%2:36:08::;have%2:36:00::;make%2:36:04::;give%2:36:02::
have%2:40:01::
have%2:42:12::
have%2:30:01::;experience%2:30:00::
have%2:29:02::
induce%2:32:00::;stimulate%2:32:01::;cause%2:32:00::;have%2:32:00::;get%2:32:00::;make%2:32:00::
accept%2:40:00::;take%2:40:05::;have%2:40:05::
receive%2:40:00::;have%2:40:03::
suffer%2:29:01::;sustain%2:29:00::;have%2:29:05::;get%2:29:11::
have%2:40:02::;get%2:40:01::;make%2:40:02::
give_birth%2:29:00::;deliver%2:29:01::;bear%2:29:01::;birth%2:29:00::;have%2:29:00::
take%2:35:14::;have%2:35:00::
diner%1:18:00::
dining_car%1:06:00::;diner%1:06:00::;dining_compartment%1:06:00::;buffet_car%1:06:00::
diner%1:06:01::
table%1:14:00::;tabular_array%1:14:00::
table%1:06:01::
table%1:06:02::
mesa%1:17:00::;table%1:17:00::
table%1:14:01::
board%1:13:00::;table%1:13:01::
merely%4:02:00::;simply%4:02:00::;just%4:02:00::;only%4:02:02::;but%4:02:01::
just%4:02:03::;simply%4:02:03::
simply%4:02:02::
plainly%4:02:01::;simply%4:02:01::
light%2:30:00::;illume%2:30:00::;illumine%2:30:00::;light_up%2:30:00::;illuminate%2:30:03::
light_up%2:34:00::;fire_up%2:34:00::;light%2:34:00::
alight%2:38:01::;light%2:38:00::;perch%2:38:00::
ignite%2:43:00::;light%2:43:00::
fall%2:40:08::;light%2:40:12::
unhorse%2:38:00::;dismount%2:38:00::;light%2:38:01::;get_off%2:38:00::;get_down%2:38:01::
jeer%2:32:00::;scoff%2:32:00::;flout%2:32:00::;barrack%2:32:00::;gibe%2:32:00::
scoff%2:32:01::;flout%2:32:01::
suggestion%1:09:00::
suggestion%1:10:00::;proposition%1:10:01::;proffer%1:10:00::
trace%1:23:00::;hint%1:23:01::;suggestion%1:23:00::
suggestion%1:10:01::;prompting%1:10:00::
suggestion%1:09:01::
hypnotism%1:04:00::;mesmerism%1:04:00::;suggestion%1:04:02::
interrupt%2:32:00::;disrupt%2:32:00::;break_up%2:32:00::;cut_off%2:32:00::
interrupt%2:30:03::;disturb%2:30:00::
interrupt%2:30:04::;disrupt%2:30:00::
interrupt%2:30:00::;break%2:30:03::
absolutely%4:02:00::;perfectly%4:02:00::;utterly%4:02:00::;dead%4:02:00::
perfectly%4:02:01::
good%3:00:01::
full%5:00:00:ample:00;good%5:00:00:ample:00
good%3:00:02::
estimable%5:00:00:reputable:00;good%5:00:00:reputable:00;honorable%5:00:00:reputable:00;respectable%5:00:00:reputable:00
beneficial%5:00:00:advantageous:00;good%5:00:00:advantageous:00
good%5:00:00:nice:00
good%5:00:00:righteous:00;just%5:00:00:righteous:00;upright%5:00:00:righteous:00
adept%5:00:00:skilled:00;expert%5:00:00:skilled:00;good%5:00:00:skilled:00;practiced%5:00:00:skilled:00;proficient%5:00:00:skilled:00;skillful%5:00:00:skilled:00;skilful%5:00:00:skilled:00
good%5:00:00:complete:00
dear%5:00:00:close:02;good%5:00:00:close:02;near%5:00:00:close:02
dependable%5:00:00:sound:00;good%5:00:01:sound:00;safe%5:00:00:sound:00;secure%5:00:00:sound:00
good%5:00:00:opportune:00;right%5:00:00:opportune:00;ripe%5:00:00:opportune:00
good%5:00:00:fortunate:00;well%5:00:00:fortunate:00
effective%5:00:00:operative:00;good%5:00:00:operative:00;in_effect%5:00:00:operative:00;in_force%5:00:00:operative:00
good%5:00:00:pleasing:00
good%5:00:00:intellectual:00;serious%5:00:00:intellectual:00
good%5:00:00:healthy:00;sound%5:00:00:healthy:00
good%5:00:00:healthful:00;salutary%5:00:00:healthful:00
good%5:00:00:genuine:00;honest%5:00:00:genuine:00
good%5:00:00:fresh:01;undecomposed%5:00:00:fresh:01;unspoiled%5:00:00:fresh:01;unspoilt%5:00:00:fresh:01
good%5:00:00:discriminating:00
saturday%1:28:00::;sabbatum%1:28:00::;sat%1:28:00::
morning%1:28:00::;morn%1:28:00::;morning_time%1:28:00::;forenoon%1:28:00::
good_morning%1:10:00::;morning%1:10:00::
dawn%1:28:00::;dawning%1:28:00::;morning%1:28:01::;aurora%1:28:00::;first_light%1:28:00::;daybreak%1:28:00::;break_of_day%1:28:00::;break_of_the_day%1:28:00::;dayspring%1:28:00::;sunrise%1:28:00::;sunup%1:28:00::;cockcrow%1:28:00::
dawn%1:11:01::;morning%1:11:00::
travel%2:38:00::;go%2:38:00::;move%2:38:03::;locomote%2:38:00::
go%2:41:00::;proceed%2:41:00::;move%2:41:01::
go%2:38:01::;go_away%2:38:05::;depart%2:38:04::
become%2:30:00::;go%2:30:04::;get%2:30:00::
go%2:42:06::
run%2:42:04::;go%2:42:02::
run%2:42:00::;go%2:42:00::;pass%2:42:08::;lead%2:42:00::;extend%2:42:03::
proceed%2:30:00::;go%2:30:01::
go%2:30:08::
go%2:42:07::
sound%2:39:00::;go%2:39:00::
function%2:35:00::;work%2:35:02::;operate%2:35:03::;go%2:35:00::;run%2:35:00::
run_low%2:34:00::;run_short%2:34:00::;go%2:34:00::
move%2:30:01::;go%2:30:02::;run%2:30:02::
survive%2:42:01::;last%2:42:01::;live%2:42:04::;live_on%2:42:00::;go%2:42:14::;endure%2:42:00::;hold_up%2:42:00::;hold_out%2:42:00::
go%2:42:03::
die%2:30:00::;decease%2:30:00::;perish%2:30:00::;go%2:30:00::;exit%2:30:00::;pass_away%2:30:00::;expire%2:30:00::;pass%2:30:11::;kick_the_bucket%2:30:00::;cash_in_one's_chips%2:30:00::;buy_the_farm%2:30:00::;conk%2:30:00::;give-up_the_ghost%2:30:00::;drop_dead%2:30:00::;pop_off%2:30:00::;choke%2:30:01::;croak%2:30:00::;snuff_it%2:30:00::
belong%2:42:03::;go%2:42:04::
go%2:42:10::
start%2:38:00::;go%2:38:09::;get_going%2:38:00::
move%2:33:00::;go%2:33:00::
go%2:42:13::
go%2:42:12::
blend%2:42:00::;go%2:42:11::;blend_in%2:42:00::
go%2:42:08::;lead%2:42:03::
fit%2:42:02::;go%2:42:05::
rifle%2:35:13::;go%2:35:13::
go%2:34:09::
plump%2:31:12::;go%2:31:12::
fail%2:30:00::;go_bad%2:30:01::;give_way%2:30:00::;die%2:30:04::;give_out%2:30:00::;conk_out%2:30:00::;go%2:30:03::;break%2:30:05::;break_down%2:30:00::
golfing%1:04:00::
even%4:02:00::
even%4:02:03::
even%4:02:01::;yet%4:02:03::;still%4:02:00::
even%4:02:04::
ballooning%1:04:00::
brother%1:18:00::;blood_brother%1:18:00::
brother%1:18:02::
buddy%1:18:00::;brother%1:18:03::;chum%1:18:00::;crony%1:18:00::;pal%1:18:00::;sidekick%1:18:00::
brother%1:18:04::;comrade%1:18:02::
brother%1:18:01::
course%1:04:01::;course_of_study%1:04:00::;course_of_instruction%1:04:00::;class%1:04:00::
course%1:14:00::;line%1:14:02::
course%1:15:00::;trend%1:15:01::
course%1:04:00::;course_of_action%1:04:00::
path%1:17:00::;track%1:17:00::;course%1:17:00::
class%1:14:03::;form%1:14:00::;grade%1:14:00::;course%1:14:01::
course%1:13:00::
course%1:06:01::;row%1:06:00::
course%1:06:00::
universe%1:17:00::;existence%1:17:00::;creation%1:17:00::;world%1:17:01::;cosmos%1:17:00::;macrocosm%1:17:00::
world%1:14:01::;domain%1:14:00::
world%1:09:00::;reality%1:09:00::
earth%1:17:00::;earth%1:17:02::;world%1:17:00::;globe%1:17:00::
populace%1:14:00::;public%1:14:00::;world%1:14:02::
world%1:17:02::
worldly_concern%1:09:00::;earthly_concern%1:09:00::;world%1:09:01::;earth%1:09:00::
first%3:00:00::
first%5:00:00:ordinal:00;1st%5:00:00:ordinal:00
inaugural%5:00:00:opening:00;initiative%5:00:00:opening:00;initiatory%5:00:00:opening:00;first%5:00:02:opening:00;maiden%5:00:00:opening:00
beginning%5:00:00:opening:00;first%5:00:01:opening:00
first%5:00:00:best:00;foremost%5:00:00:best:00;world-class%5:00:00:best:00
first%3:00:03::
balloonist%1:18:00::
united_states%1:15:00::;united_states_of_america%1:15:00::;america%1:15:00::;the_states%1:15:00::;us%1:15:00::;u.s.%1:15:00::;usa%1:15:00::;u.s.a.%1:15:00::
kind%1:09:00::;sort%1:09:00::;form%1:09:01::;variety%1:09:01::
airborne%5:00:00:mobile:00
activity%1:04:00::
action%1:26:00::;activity%1:26:00::;activeness%1:26:00::
bodily_process%1:22:00::;body_process%1:22:00::;bodily_function%1:22:00::;activity%1:22:00::
activity%1:26:01::
natural_process%1:22:00::;natural_action%1:22:00::;action%1:22:00::;activity%1:22:01::
activeness%1:07:00::;activity%1:07:00::
win%2:33:00::
acquire%2:40:06::;win%2:40:00::;gain%2:40:01::
gain%2:33:00::;advance%2:33:00::;win%2:33:01::;pull_ahead%2:33:00::;make_headway%2:33:00::;get_ahead%2:33:00::;gain_ground%2:33:00::
succeed%2:41:00::;win%2:41:04::;come_through%2:41:00::;bring_home_the_bacon%2:41:00::;deliver_the_goods%2:41:00::
covetous%5:00:00:desirous:00;envious%5:00:00:desirous:00;jealous%5:00:00:desirous:00
avaricious%5:00:00:acquisitive:00;covetous%5:00:00:acquisitive:00;grabby%5:00:00:acquisitive:00;grasping%5:00:00:acquisitive:00;greedy%5:00:00:acquisitive:00;prehensile%5:00:00:acquisitive:00
response%1:19:00::
reaction%1:04:00::;response%1:04:01::
answer%1:10:01::;reply%1:10:01::;response%1:10:01::
reception%1:10:01::;response%1:10:02::
response%1:10:03::
reply%1:10:00::;response%1:10:00::
response%1:07:00::
balloon%2:38:00::
balloon%2:30:00::;inflate%2:30:02::;billow%2:30:00::
france%1:15:00::;french_republic%1:15:00::
france%1:18:00::;anatole_france%1:18:00::;jacques_anatole_francois_thibault%1:18:00::
american%1:18:00::
american_english%1:10:00::;american_language%1:10:00::;american%1:10:00::
american%1:18:01::
look%2:39:01::;appear%2:39:00::;seem%2:39:00::
appear%2:39:01::;seem%2:39:01::
seem%2:42:00::
seem%2:39:02::
follow%2:38:00::
postdate%2:42:00::;follow%2:42:00::
follow%2:42:05::;fall_out%2:42:02::
follow%2:38:01::;travel_along%2:38:00::
comply%2:41:00::;follow%2:41:00::;abide_by%2:41:00::
follow%2:42:01::;come_after%2:42:00::
follow%2:30:00::;conform_to%2:30:00::
follow%2:42:02::
adopt%2:40:02::;follow%2:40:00::;espouse%2:40:00::
follow%2:42:03::
take_after%2:36:00::;follow%2:36:00::
trace%2:31:00::;follow%2:31:00::
watch%2:41:00::;observe%2:41:00::;follow%2:41:02::;watch_over%2:41:00::;keep_an_eye_on%2:41:00::
succeed%2:41:01::;come_after%2:41:00::;follow%2:41:01::
play_along%2:36:00::;accompany%2:36:00::;follow%2:36:01::
keep_up%2:30:00::;keep_abreast%2:30:02::;follow%2:30:01::
come%2:42:04::;follow%2:42:04::
follow%2:41:10::
follow%2:41:11::
be%2:41:00::;follow%2:41:09::
surveil%2:39:00::;follow%2:39:13::;survey%2:39:13::
pursue%2:38:00::;follow%2:38:13::
follow%2:31:14::
stick_to%2:30:00::;stick_with%2:30:00::;follow%2:30:12::
lead%1:07:02::
lead%1:27:00::;pb%1:27:00::;atomic_number_82%1:27:00::
lead%1:09:00::;track%1:09:00::;trail%1:09:00::
lead%1:04:01::
lead%1:25:00::
lead%1:10:01::;lead-in%1:10:00::;lede%1:10:00::
lead%1:23:00::
star%1:18:00::;principal%1:18:01::;lead%1:18:00::
lead%1:15:00::
tip%1:10:00::;lead%1:10:02::;steer%1:10:00::;confidential_information%1:10:00::;wind%1:10:00::;hint%1:10:02::
lead%1:10:00::;lead_story%1:10:00::
spark_advance%1:07:00::;lead%1:07:01::
leash%1:06:00::;tether%1:06:00::;lead%1:06:03::
lead%1:06:02::;leading%1:06:00::
lead%1:06:00::;pencil_lead%1:06:00::
jumper_cable%1:06:00::;jumper_lead%1:06:00::;lead%1:06:01::;booster_cable%1:06:00::
lead%1:04:00::
fancy%2:37:00::;go_for%2:37:00::;take_to%2:37:00::
take_to%2:41:01::
judicious%5:00:00:prudent:00;wise%5:00:00:prudent:00;heady%5:00:00:prudent:00
heady%5:00:00:exciting:00;intoxicating%5:00:00:exciting:00
foolhardy%5:00:00:bold:00;heady%5:00:00:bold:00;rash%5:00:00:bold:00;reckless%5:00:00:bold:00
manner%1:07:02::;mode%1:07:00::;style%1:07:00::;way%1:07:01::;fashion%1:07:00::
means%1:04:00::;agency%1:04:00::;way%1:04:01::
direction%1:15:00::;way%1:15:00::
way%1:26:00::
way%1:04:00::;path%1:04:00::;way_of_life%1:04:00::
way%1:06:00::
way%1:04:02::
room%1:23:00::;way%1:23:00::;elbow_room%1:23:00::
way%1:07:02::
way%1:09:00::
way%1:09:01::
way%1:21:00::
past%3:00:00::
past%5:00:00:outgoing:00;preceding%5:00:00:outgoing:00;retiring%5:00:00:outgoing:00
year%1:28:01::;twelvemonth%1:28:00::;yr%1:28:00::
year%1:28:02::
year%1:28:00::
class%1:14:04::;year%1:14:00::
number%1:07:00::;figure%1:07:01::
number%1:23:00::
phone_number%1:10:00::;telephone_number%1:10:00::;number%1:10:03::
numeral%1:10:00::;number%1:10:01::
issue%1:10:00::;number%1:10:00::
number%1:14:00::
number%1:10:02::;identification_number%1:10:00::
number%1:07:01::
number%1:10:05::
number%1:06:00::
pass%2:38:00::;go_through%2:38:00::;go_across%2:38:00::
travel_by%2:38:01::;pass_by%2:38:00::;surpass%2:38:00::;go_past%2:38:00::;go_by%2:38:01::;pass%2:38:05::
legislate%2:41:00::;pass%2:41:02::
elapse%2:38:00::;lapse%2:38:00::;pass%2:38:03::;slip_by%2:38:00::;glide_by%2:38:00::;slip_away%2:38:00::;go_by%2:38:00::;slide_by%2:38:00::;go_along%2:38:02::
pass%2:38:01::;overtake%2:38:00::;overhaul%2:38:00::
happen%2:30:00::;hap%2:30:00::;go_on%2:30:00::;pass_off%2:30:00::;occur%2:30:00::;pass%2:30:00::;fall_out%2:30:00::;come_about%2:30:00::;take_place%2:30:00::
pass%2:41:04::;clear%2:41:01::
spend%2:42:00::;pass%2:42:00::
guide%2:35:00::;run%2:35:01::;draw%2:35:13::;pass%2:35:00::
communicate%2:32:01::;pass_on%2:32:00::;pass%2:32:01::;pass_along%2:32:00::;put_across%2:32:00::
evanesce%2:30:00::;fade%2:30:00::;blow_over%2:30:00::;pass_off%2:30:01::;fleet%2:30:00::;pass%2:30:01::
pass%2:41:08::;make_it%2:41:05::
exceed%2:42:00::;transcend%2:42:01::;overstep%2:42:00::;pass%2:42:04::;go_past%2:42:00::;top%2:42:00::
pass%2:41:07::
pass%2:41:11::
pass%2:40:02::
sink%2:38:07::;pass%2:38:02::;lapse%2:38:01::
pass%2:40:01::
fall%2:40:13::;return%2:40:13::;pass%2:40:13::;devolve%2:40:13::
pass%2:38:04::;make_pass%2:38:00::
authorize%2:32:00::;authorise%2:32:00::;pass%2:32:00::;clear%2:32:01::
excrete%2:29:00::;egest%2:29:00::;eliminate%2:29:00::;pass%2:29:00::
aviation%1:14:00::;air_power%1:14:00::
aviation%1:14:01::
aviation%1:09:00::;airmanship%1:09:00::
air_travel%1:04:00::;aviation%1:04:00::;air%1:04:00::
authority%1:07:00::;authorization%1:07:00::;authorisation%1:07:00::;potency%1:07:01::;dominance%1:07:00::;say-so%1:07:00::
authority%1:18:01::
authority%1:18:00::
assurance%1:09:00::;self-assurance%1:09:00::;confidence%1:09:00::;self-confidence%1:09:00::;authority%1:09:00::;sureness%1:09:00::
agency%1:14:00::;federal_agency%1:14:00::;government_agency%1:14:00::;bureau%1:14:00::;office%1:14:01::;authority%1:14:00::
authority%1:07:02::;authorization%1:07:02::;authorisation%1:07:02::;sanction%1:07:00::
authority%1:10:00::
lighter-than-air%5:00:00:light:01
trial%1:09:00::;trial_run%1:09:00::;test%1:09:02::;tryout%1:09:00::
test%1:04:02::;mental_test%1:04:00::;mental_testing%1:04:00::;psychometric_test%1:04:00::
examination%1:10:00::;exam%1:10:00::;test%1:10:00::
test%1:04:03::;trial%1:04:03::
test%1:04:00::;trial%1:04:00::;run%1:04:06::
test%1:05:00::
swell%2:30:02::
swell%2:41:00::;puff_up%2:41:00::
swell%2:30:00::;swell_up%2:30:00::;intumesce%2:30:00::;tumefy%2:30:00::;tumesce%2:30:00::
well_up%2:42:00::;swell%2:42:03::
well%2:38:00::;swell%2:38:07::
swell%2:30:01::
couple%1:14:00::;twosome%1:14:00::;duo%1:14:00::;duet%1:14:00::
couple%1:14:01::;mates%1:14:00::;match%1:14:00::
couple%1:23:01::
couple%1:23:00::;pair%1:23:00::;twosome%1:23:00::;twain%1:23:00::;brace%1:23:00::;span%1:23:02::;yoke%1:23:00::;couplet%1:23:00::;distich%1:23:00::;duo%1:23:00::;duet%1:23:00::;dyad%1:23:00::;duad%1:23:00::
couple%1:17:00::
several%5:00:00:some:00
respective%5:00:00:individual:00;several%5:00:00:individual:00;various%5:00:00:individual:00
several%5:00:00:different:00
estimate%1:09:00::;estimation%1:09:00::;approximation%1:09:00::;idea%1:09:02::
estimate%1:04:01::;estimation%1:04:01::
appraisal%1:10:01::;estimate%1:10:00::;estimation%1:10:00::
estimate%1:10:01::
estimate%1:09:01::;estimation%1:09:01::
run%2:38:00::
scat%2:38:00::;run%2:38:04::;scarper%2:38:00::;turn_tail%2:38:00::;lam%2:38:00::;run_away%2:38:00::;hightail_it%2:38:00::;bunk%2:38:00::;head_for_the_hills%2:38:00::;take_to_the_woods%2:38:00::;escape%2:38:02::;fly_the_coop%2:38:00::;break_away%2:38:00::
operate%2:41:00::;run%2:41:02::
run%2:38:01::;flow%2:38:00::;feed%2:38:04::;course%2:38:00::
range%2:42:01::;run%2:42:07::
campaign%2:33:01::;run%2:33:06::
play%2:36:05::;run%2:36:01::
run%2:38:11::
run%2:35:04::
run%2:30:03::
run%2:30:07::
run%2:42:02::
prevail%2:42:00::;persist%2:42:00::;die_hard%2:42:00::;run%2:42:03::;endure%2:42:08::
run%2:42:06::
run%2:41:00::;execute%2:41:04::
carry%2:36:00::;run%2:36:02::
run%2:36:00::
run%2:42:08::;lead%2:42:02::
run%2:41:01::
run%2:40:06::;black_market%2:40:00::
run%2:38:10::
run%2:38:08::;bleed%2:38:00::
run%2:38:03::
run%2:38:05::
run%2:42:05::;run_for%2:42:00::
run%2:41:04::
run%2:38:02::;consort%2:38:00::
run%2:38:06::
run%2:38:13::
ply%2:38:00::;run%2:38:09::
hunt%2:33:00::;run%2:33:02::;hunt_down%2:33:00::;track_down%2:33:00::
race%2:33:00::;run%2:33:01::
melt%2:30:01::;run%2:30:00::;melt_down%2:30:00::
ladder%2:30:00::;run%2:30:01::
run%2:30:04::;unravel%2:30:01::
high%3:00:02::
high%3:00:01::
eminent%5:00:00:superior:01;high%5:00:00:superior:01
high%3:00:03::;high-pitched%3:00:00::
high%5:00:00:elated:00;in_high_spirits%5:00:00:elated:00
gamey%5:00:00:malodorous:00;gamy%5:00:00:malodorous:00;high%5:00:00:malodorous:00
high%5:00:00:intoxicated:00;mellow%5:00:00:intoxicated:00
balloon%1:06:00::
balloon%1:06:01::
show%1:04:00::
display%1:10:01::;show%1:10:03::
show%1:10:00::
appearance%1:04:02::;show%1:04:01::
keep%2:42:00::;maintain%2:42:00::;hold%2:42:00::
hold%2:35:00::;take_hold%2:35:00::
deem%2:31:00::;hold%2:31:01::;view_as%2:31:00::;take_for%2:31:00::
harbor%2:37:00::;harbour%2:37:00::;hold%2:37:00::;entertain%2:37:00::;nurse%2:37:00::
restrain%2:35:00::;confine%2:35:01::;hold%2:35:03::
retain%2:40:00::;hold%2:40:02::;keep_back%2:40:01::;hold_back%2:40:00::
bear%2:40:00::;hold%2:40:04::
hold%2:35:01::;support%2:35:00::;sustain%2:35:00::;hold_up%2:35:00::
hold%2:42:13::;bear%2:42:14::;carry%2:42:03::;contain%2:42:13::
accommodate%2:42:03::;hold%2:42:05::;admit%2:42:04::
hold%2:42:01::
hold%2:35:02::;carry%2:35:01::;bear%2:35:01::
prevail%2:42:01::;hold%2:42:02::;obtain%2:42:00::
hold%2:31:08::
hold%2:42:07::
contain%2:42:14::;take%2:42:15::;hold%2:42:14::
reserve%2:41:00::;hold%2:41:00::;book%2:41:01::
defend%2:33:02::;guard%2:33:03::;hold%2:33:05::
oblige%2:32:00::;bind%2:32:00::;hold%2:32:13::;obligate%2:32:00::
hold%2:31:04::
hold%2:31:10::
defy%2:42:00::;withstand%2:42:00::;hold%2:42:08::;hold_up%2:42:02::
apply%2:42:00::;hold%2:42:04::;go_for%2:42:00::
hold%2:42:12::
control%2:41:01::;hold_in%2:41:00::;hold%2:41:15::;contain%2:41:00::;check%2:41:08::;curb%2:41:00::;moderate%2:41:00::
hold%2:41:13::
hold%2:41:14::
halt%2:38:05::;hold%2:38:05::;arrest%2:38:00::
hold%2:35:09::
carry%2:34:00::;hold%2:34:00::
hold%2:33:00::
declare%2:32:04::;adjudge%2:32:00::;hold%2:32:11::
agree%2:32:00::;hold%2:32:15::;concur%2:32:00::;concord%2:32:00::
hold%2:29:04::
annually%4:02:00::;yearly%4:02:00::;every_year%4:02:00::;each_year%4:02:00::
per_annum%4:02:00::;p.a.%4:02:00::;per_year%4:02:00::;each_year%4:02:01::;annually%4:02:01::
united_states_government%1:14:00::;united_states%1:14:00::;u.s._government%1:14:00::;us_government%1:14:00::;u.s.%1:14:00::
include%2:42:00::
include%2:31:00::
include%2:30:00::
admit%2:41:00::;let_in%2:41:00::;include%2:41:03::
convocation%1:14:00::
convocation%1:04:00::;calling_together%1:04:00::
ersatz%5:00:00:artificial:00;substitute%5:00:00:artificial:00
albuquerque%1:15:00::
international%1:14:00::
fete%1:11:00::;feast%1:11:01::;fiesta%1:11:00::
attract%2:35:00::;pull%2:35:02::;pull_in%2:35:00::;draw%2:35:06::;draw_in%2:35:00::
attract%2:37:00::;appeal%2:37:00::
attract%2:35:01::
enthusiast%1:18:00::;partisan%1:18:01::;partizan%1:18:00::
fancier%1:18:00::;enthusiast%1:18:01::
determine%2:31:02::;shape%2:31:00::;mold%2:31:00::;influence%2:31:00::;regulate%2:31:00::
shape%2:36:00::;form%2:36:00::;work%2:36:12::;mold%2:36:01::;mould%2:36:01::;forge%2:36:03::
shape%2:30:00::;form%2:30:01::
resemble%2:42:00::
garfield%1:18:00::;james_garfield%1:18:00::;james_a._garfield%1:18:00::;james_abraham_garfield%1:18:00::;president_garfield%1:18:00::
condom%1:06:00::;rubber%1:06:01::;safety%1:06:01::;safe%1:06:01::;prophylactic%1:06:00::
deny%2:32:00::
deny%2:32:01::
deny%2:40:01::
deny%2:40:00::;refuse%2:40:01::
deny%2:40:04::;abnegate%2:40:00::
traverse%2:32:00::;deny%2:32:05::
deny%2:32:04::
official%3:00:00::
official%3:01:00::
official%5:00:00:confirmed:00
official%5:00:00:regular:00;prescribed%5:00:00:regular:00
official%5:00:00:established:00
entry%1:10:01::
introduction%1:04:01::;debut%1:04:00::;first_appearance%1:04:00::;launching%1:04:01::;unveiling%1:04:00::;entry%1:04:01::
entry%1:21:00::;accounting_entry%1:21:00::;ledger_entry%1:21:00::
submission%1:10:00::;entry%1:10:00::
entrance%1:06:00::;entranceway%1:06:00::;entryway%1:06:00::;entry%1:06:00::;entree%1:06:00::
entrance%1:04:00::;entering%1:04:00::;entry%1:04:00::;ingress%1:04:00::;incoming%1:04:00::
status%1:26:00::;position%1:26:00::
condition%1:26:00::;status%1:26:01::
grey%5:00:00:achromatic:00;gray%5:00:00:achromatic:00;greyish%5:00:00:achromatic:00;grayish%5:00:00:achromatic:00
grey%5:00:00:old:02;gray%5:00:00:old:02;grey-haired%5:00:00:old:02;gray-haired%5:00:00:old:02;grey-headed%5:00:00:old:02;gray-headed%5:00:00:old:02;grizzly%5:00:00:old:02;hoar%5:00:00:old:02;hoary%5:00:00:old:02;white-haired%5:00:00:old:02
grey%5:00:00:southern:02;gray%5:00:00:southern:02
grey%5:00:00:intermediate:00;gray%5:00:00:intermediate:00
river%1:17:00::
town%1:15:00::
town%1:14:00::;townspeople%1:14:00::;townsfolk%1:14:00::
township%1:15:00::;town%1:15:01::
town%1:18:00::;ithiel_town%1:18:00::
adjacent%5:00:00:close:01;next%5:00:00:close:01;side_by_side%5:00:00:close:01
adjacent%5:00:00:connected:00;conterminous%5:00:01:connected:00;contiguous%5:00:01:connected:00;neighboring%5:00:00:connected:00
adjacent%5:00:00:near:00
mountain%1:17:00::;mount%1:17:00::
batch%1:23:00::;deal%1:23:00::;flock%1:23:00::;good_deal%1:23:00::;great_deal%1:23:00::;hatful%1:23:02::;heap%1:23:00::;lot%1:23:00::;mass%1:23:00::;mess%1:23:00::;mickle%1:23:00::;mint%1:23:00::;mountain%1:23:00::;muckle%1:23:00::;passel%1:23:00::;peck%1:23:00::;pile%1:23:00::;plenty%1:23:00::;pot%1:23:01::;quite_a_little%1:23:00::;raft%1:23:00::;sight%1:23:00::;slew%1:23:00::;spate%1:23:00::;stack%1:23:00::;tidy_sum%1:23:00::;wad%1:23:00::
region%1:15:00::;part%1:15:00::
area%1:08:00::;region%1:08:00::
region%1:15:01::
region%1:23:00::;neighborhood%1:23:00::
region%1:09:00::;realm%1:09:00::
enthusiasm%1:12:00::
exuberance%1:07:00::;enthusiasm%1:07:00::;ebullience%1:07:00::
enthusiasm%1:09:00::
thing%1:26:00::
thing%1:04:00::
thing%1:09:00::
thing%1:06:00::
thing%1:11:00::
matter%1:09:01::;affair%1:09:00::;thing%1:09:02::
thing%1:10:00::
thing%1:06:01::
thing%1:07:00::
thing%1:09:01::
thing%1:12:00::
thing%1:03:00::
aloft%4:02:04::
aloft%4:02:07::
aloft%4:02:01::
aloft%4:02:00::
apparent%5:00:00:obvious:00;evident%5:00:00:obvious:00;manifest%5:00:00:obvious:00;patent%5:00:00:obvious:00;plain%5:00:00:obvious:00;unmistakable%5:00:00:obvious:00
discernible%5:00:00:noticeable:00;evident%5:00:00:noticeable:00;observable%5:00:00:noticeable:00
hour%1:28:00::;hr%1:28:00::;60_minutes%1:28:00::
hour%1:28:01::;time_of_day%1:28:00::
hour%1:28:02::
hour%1:07:00::;minute%1:07:00::
ante_meridiem%4:02:00::;a.m.%4:02:00::
attraction%1:19:00::;attractive_force%1:19:00::
attraction%1:10:00::
attraction%1:07:00::;attractiveness%1:07:01::
attraction%1:09:00::;attractor%1:09:00::;attracter%1:09:00::;attractive_feature%1:09:00::;magnet%1:09:00::
drawing_card%1:18:00::;draw%1:18:00::;attraction%1:18:00::;attractor%1:18:00::;attracter%1:18:00::
people%1:14:00::
citizenry%1:14:00::;people%1:14:01::
people%1:14:02::
multitude%1:14:01::;masses%1:14:00::;mass%1:14:01::;hoi_polloi%1:14:00::;people%1:14:03::;the_great_unwashed%1:14:00::
sunrise%1:19:00::
sunrise%1:11:00::
work%1:04:00::
work%1:06:00::;piece_of_work%1:06:00::
employment%1:04:00::;work%1:04:01::
study%1:09:03::;work%1:09:00::
work%1:19:00::
workplace%1:06:00::;work%1:06:01::
oeuvre%1:06:00::;work%1:06:02::;body_of_work%1:06:00::
feel%2:37:00::;experience%2:37:00::
feel%2:39:00::;sense%2:39:00::
feel%2:29:00::
feel%2:31:01::
feel%2:39:01::
feel%2:42:00::
feel%2:39:10::
feel%2:35:00::;finger%2:35:05::
palpate%2:35:00::;feel%2:35:01::
feel%2:40:00::
feel%2:39:09::
feel%2:35:11::
culture%1:14:00::;civilization%1:14:01::;civilisation%1:14:01::
culture%1:09:00::
acculturation%1:09:00::;culture%1:09:01::
culture%1:04:01::
polish%1:26:00::;refinement%1:26:00::;culture%1:26:00::;cultivation%1:26:00::;finish%1:26:00::
culture%1:09:02::
culture%1:04:00::
imperative%3:00:00::
imperative%3:01:00::
promptly%4:02:02::;quickly%4:02:02::;quick%4:02:00::
promptly%4:02:00::;readily%4:02:01::;pronto%4:02:00::
promptly%4:02:01::;right_away%4:02:03::
sign%2:41:01::;contract%2:41:00::;sign_on%2:41:00::;sign_up%2:41:00::
sign_up%2:33:00::
state%2:32:00::;say%2:32:00::;tell%2:32:04::
tell%2:32:00::
tell%2:32:01::;narrate%2:32:00::;recount%2:32:00::;recite%2:32:01::
order%2:32:01::;tell%2:32:02::;enjoin%2:32:00::;say%2:32:04::
tell%2:31:00::
assure%2:32:00::;tell%2:32:08::
tell%2:32:03::;evidence%2:32:02::
distinguish%2:31:00::;separate%2:31:01::;differentiate%2:31:01::;secern%2:31:01::;secernate%2:31:00::;severalize%2:31:00::;severalise%2:31:00::;tell%2:31:01::;tell_apart%2:31:00::
command%2:32:00::;require%2:32:00::
nothing%1:23:00::;nil%1:23:00::;nix%1:23:00::;nada%1:23:00::;null%1:23:00::;aught%1:23:00::;cipher%1:23:00::;cypher%1:23:00::;goose_egg%1:23:00::;naught%1:23:00::;zero%1:23:02::;zilch%1:23:00::;zip%1:23:00::;zippo%1:23:00::
zip_code%1:10:00::;zip%1:10:00::;postcode%1:10:00::;postal_code%1:10:00::
energy%1:07:00::;vigor%1:07:02::;vigour%1:07:02::;zip%1:07:00::
slide_fastener%1:06:00::;zip%1:06:00::;zipper%1:06:00::;zip_fastener%1:06:00::
athletic%3:01:00::
acrobatic%5:00:00:active:01;athletic%5:00:00:active:01;gymnastic%5:00:00:active:01
athletic%5:00:00:mesomorphic:00
art%1:09:00::;artistry%1:09:00::;prowess%1:09:00::
measure%1:04:01::;step%1:04:02::
measure%1:03:00::;quantity%1:03:00::;amount%1:03:00::
bill%1:10:04::;measure%1:10:02::
measurement%1:04:00::;measuring%1:04:00::;measure%1:04:00::;mensuration%1:04:00::
standard%1:10:00::;criterion%1:10:00::;measure%1:10:03::;touchstone%1:10:00::
meter%1:10:00::;metre%1:10:00::;measure%1:10:01::;beat%1:10:02::;cadence%1:10:01::
measure%1:10:00::;bar%1:10:00::
measuring_stick%1:06:00::;measure%1:06:00::;measuring_rod%1:06:00::
measure%1:06:01::
long%4:02:00::
long%4:02:03::
look%2:39:00::
look%2:29:00::
search%2:39:00::;look%2:39:02::
front%2:42:00::;look%2:42:00::;face%2:42:00::
attend%2:41:12::;take_care%2:41:11::;look%2:41:13::;see%2:41:14::
look%2:32:00::
expect%2:31:01::;look%2:31:00::;await%2:31:00::;wait%2:31:00::
look%2:42:02::
count%2:31:02::;bet%2:31:00::;depend%2:31:00::;look%2:31:02::;calculate%2:31:05::;reckon%2:31:05::
besides%4:02:03::;too%4:02:01::;also%4:02:00::;likewise%4:02:01::;as_well%4:02:01::
hate%2:37:00::;detest%2:37:00::
height%1:07:00::;tallness%1:07:00::
acme%1:26:00::;height%1:26:00::;elevation%1:26:00::;peak%1:26:00::;pinnacle%1:26:00::;summit%1:26:00::;superlative%1:26:00::;meridian%1:26:00::;tiptop%1:26:00::;top%1:26:00::
stature%1:07:02::;height%1:07:01::
altitude%1:07:00::;height%1:07:02::
still%4:02:01::
however%4:02:00::;nevertheless%4:02:00::;withal%4:02:01::;still%4:02:04::;yet%4:02:06::;all_the_same%4:02:00::;even_so%4:02:00::;nonetheless%4:02:00::;notwithstanding%4:02:00::
still%4:02:02::;stock-still%4:02:00::
allege%2:32:00::;aver%2:32:01::;say%2:32:01::
suppose%2:32:00::;say%2:32:03::
pronounce%2:32:01::;articulate%2:32:00::;enounce%2:32:00::;sound_out%2:32:01::;enunciate%2:32:01::;say%2:32:02::
say%2:32:07::
say%2:32:15::
say%2:32:13::
say%2:32:08::
say%2:32:09::
least%3:00:00::
ascend%2:38:02::;go_up%2:38:10::
ascend%2:42:02::
ascend%2:41:00::
ascend%2:38:10::;climb_up%2:38:10::
ascend%2:38:04::
ascend%2:38:01::
rise%2:38:08::;come_up%2:38:00::;uprise%2:38:02::;ascend%2:38:03::
ascend%2:38:05::;move_up%2:38:01::;rise%2:38:06::
get%2:40:00::;acquire%2:40:00::
arrive%2:38:00::;get%2:38:00::;come%2:38:04::
bring%2:35:00::;get%2:35:03::;convey%2:35:00::;fetch%2:35:00::
pay_back%2:33:00::;pay_off%2:33:00::;get%2:33:00::;fix%2:33:00::
get%2:35:09::;catch%2:35:01::;capture%2:35:01::
grow%2:29:00::;develop%2:29:00::;produce%2:29:00::;get%2:29:01::;acquire%2:29:00::
contract%2:29:00::;take%2:29:08::;get%2:29:00::
get%2:32:03::
make%2:30:00::;get%2:30:01::
drive%2:32:00::;get%2:32:08::;aim%2:32:09::
catch%2:31:03::;get%2:31:09::
catch%2:35:07::;arrest%2:35:01::;get%2:35:00::
get%2:35:10::;catch%2:35:13::
get%2:31:03::
get%2:40:14::
get%2:40:13::
catch%2:39:12::;get%2:39:13::
catch%2:39:09::;get%2:39:09::
get%2:39:14::;receive%2:39:15::
scram%2:38:00::;buzz_off%2:38:00::;fuck_off%2:38:00::;get%2:38:15::;bugger_off%2:38:00::
get%2:38:12::
get%2:37:12::;get_under_one's_skin%2:37:00::
get%2:37:11::
catch%2:36:12::;get%2:36:14::
draw%2:36:01::;get%2:36:00::
get%2:35:12::
perplex%2:31:00::;vex%2:31:02::;stick%2:31:00::;get%2:31:10::;puzzle%2:31:00::;mystify%2:31:00::;baffle%2:31:00::;beat%2:31:00::;pose%2:31:09::;bewilder%2:31:00::;flummox%2:31:00::;stupefy%2:31:00::;nonplus%2:31:00::;gravel%2:31:00::;amaze%2:31:01::;dumbfound%2:31:00::
get_down%2:30:00::;begin%2:30:00::;get%2:30:12::;start_out%2:30:00::;start%2:30:00::;set_about%2:30:00::;set_out%2:30:00::;commence%2:30:00::
beget%2:29:00::;get%2:29:08::;engender%2:29:00::;father%2:29:00::;mother%2:29:00::;sire%2:29:00::;generate%2:29:00::;bring_forth%2:29:00::
wet%3:00:01::
wet%3:00:05::
wet%3:00:04::
wet%3:00:02::;lactating%3:00:00::
wet%5:00:00:alcoholic:00
besotted%5:00:00:intoxicated:00;blind_drunk%5:00:01:intoxicated:00;blotto%5:00:00:intoxicated:00;crocked%5:00:00:intoxicated:00;cockeyed%5:00:00:intoxicated:00;fuddled%5:00:00:intoxicated:00;loaded%5:00:00:intoxicated:00;pie-eyed%5:00:00:intoxicated:00;pissed%5:00:00:intoxicated:00;pixilated%5:00:00:intoxicated:00;plastered%5:00:00:intoxicated:00;slopped%5:00:00:intoxicated:00;sloshed%5:00:00:intoxicated:00;smashed%5:00:00:intoxicated:00;soaked%5:00:00:intoxicated:00;soused%5:00:00:intoxicated:00;sozzled%5:00:00:intoxicated:00;squiffy%5:00:00:intoxicated:00;stiff%5:00:00:intoxicated:00;tight%5:00:00:intoxicated:00;wet%5:00:00:intoxicated:00
mention%2:32:02::;advert%2:32:12::;bring_up%2:32:00::;cite%2:32:00::;name%2:32:04::;refer%2:32:01::
refer%2:31:00::
refer%2:38:00::
consult%2:32:01::;refer%2:32:12::;look_up%2:32:00::
denote%2:32:00::;refer%2:32:00::
refer%2:32:04::
traditional%3:00:00::
traditional%5:00:00:orthodox:00
champagne%1:13:00::;bubbly%1:13:00::
champagne%1:15:00::;champagne-ardenne%1:15:00::
drenching%1:04:00::;soaking%1:04:01::;souse%1:04:00::;sousing%1:04:00::
toast%1:13:00::
toast%1:18:00::
goner%1:18:00::;toast%1:18:01::
pledge%1:13:00::;toast%1:13:01::
talk%2:32:01::;speak%2:32:01::
talk%2:32:00::;speak%2:32:00::;utter%2:32:00::;mouth%2:32:00::;verbalize%2:32:00::;verbalise%2:32:00::
speak%2:32:02::;talk%2:32:03::
spill%2:32:00::;talk%2:32:02::
spill_the_beans%2:32:00::;let_the_cat_out_of_the_bag%2:32:00::;talk%2:32:06::;tattle%2:32:01::;blab%2:32:00::;peach%2:32:00::;babble%2:32:01::;sing%2:32:01::;babble_out%2:32:00::;blab_out%2:32:00::
lecture%2:32:01::;talk%2:32:05::
landing%1:06:01::
landing%1:06:00::;landing_place%1:06:00::
landing%1:04:01::
landing%1:04:00::
canal%1:17:00::
duct%1:08:00::;epithelial_duct%1:08:00::;canal%1:08:00::;channel%1:08:00::
canal%1:06:00::
porous%5:00:00:permeable:00
porous%3:00:00::;poriferous%3:00:00::
holey%5:00:00:leaky:00;porous%5:00:00:leaky:00
wicker%1:27:00::
wicker%1:06:00::;wickerwork%1:06:00::;caning%1:06:00::
basket%1:06:00::;handbasket%1:06:00::
basket%1:23:00::;basketful%1:23:00::
basket%1:06:01::;basketball_hoop%1:06:00::;hoop%1:06:03::
basket%1:04:00::;field_goal%1:04:01::
pilot%1:18:00::;airplane_pilot%1:18:00::
pilot%1:18:01::
pilot_program%1:10:00::;pilot_film%1:10:00::;pilot%1:10:00::
original%1:09:00::;archetype%1:09:00::;pilot%1:09:00::
pilot_burner%1:06:00::;pilot_light%1:06:01::;pilot%1:06:00::
fender%1:06:03::;buffer%1:06:02::;cowcatcher%1:06:00::;pilot%1:06:01::
address%2:32:02::;speak%2:32:03::
speak%2:39:00::
english%1:10:00::;english_language%1:10:00::
english%1:18:00::;english_people%1:18:00::
english%1:09:00::
english%1:11:00::;side%1:11:00::
wit%1:10:00::;humor%1:10:00::;humour%1:10:00::;witticism%1:10:00::;wittiness%1:10:00::
brain%1:09:00::;brainpower%1:09:00::;learning_ability%1:09:00::;mental_capacity%1:09:00::;mentality%1:09:00::;wit%1:09:00::
wag%1:18:00::;wit%1:18:00::;card%1:18:00::
ocean_trip%1:04:00::;voyage%1:04:01::
voyage%1:04:00::
novitiate%1:28:00::;noviciate%1:28:00::
novitiate%1:18:00::;novice%1:18:01::
virgin%1:18:00::
virgo%1:18:00::;virgin%1:18:01::
virgo%1:15:00::;virgo_the_virgin%1:15:00::;virgin%1:15:00::
begin%2:42:00::;start%2:42:00::
begin%2:30:01::;lead_off%2:30:00::;start%2:30:01::;commence%2:30:01::
begin%2:32:03::
begin%2:42:02::
begin%2:42:04::
begin%2:42:03::;start%2:42:03::
begin%2:41:04::;start%2:41:04::
begin%2:41:00::
begin%2:32:04::
dawn%1:28:01::
fairway%1:15:00::
fairway%1:15:02::
fairway%1:15:01::
end%2:42:00::;stop%2:42:13::;finish%2:42:00::;terminate%2:42:00::;cease%2:42:13::
end%2:30:01::;terminate%2:30:01::
end%2:42:01::;terminate%2:42:05::
end%2:36:13::
noon%1:28:00::;twelve_noon%1:28:00::;high_noon%1:28:00::;midday%1:28:00::;noonday%1:28:00::;noontide%1:28:00::
boggy%5:00:00:wet:01;marshy%5:00:00:wet:01;miry%5:00:00:wet:01;mucky%5:00:00:wet:01;muddy%5:00:00:wet:01;quaggy%5:00:00:wet:01;sloppy%5:00:00:wet:01;sloughy%5:00:00:wet:01;soggy%5:00:00:wet:01;squashy%5:00:00:wet:01;swampy%5:00:00:wet:01;waterlogged%5:00:00:wet:01
doughy%5:00:00:heavy:01;soggy%5:00:00:heavy:01
inert%5:00:00:inactive:01;sluggish%5:00:00:inactive:01;soggy%5:00:00:inactive:01;torpid%5:00:00:inactive:01
field%1:15:00::
battlefield%1:15:00::;battleground%1:15:00::;field_of_battle%1:15:00::;field_of_honor%1:15:01::;field%1:15:04::
field%1:15:01::
discipline%1:09:00::;subject%1:09:00::;subject_area%1:09:00::;subject_field%1:09:00::;field%1:09:00::;field_of_study%1:09:00::;study%1:09:02::;bailiwick%1:09:00::
field%1:19:00::;field_of_force%1:19:00::;force_field%1:19:00::
field%1:04:00::;field_of_operation%1:04:00::;line_of_business%1:04:00::
sphere%1:26:00::;domain%1:26:00::;area%1:26:00::;orbit%1:26:00::;field%1:26:00::;arena%1:26:00::
playing_field%1:15:00::;athletic_field%1:15:00::;playing_area%1:15:00::;field%1:15:02::
plain%1:17:00::;field%1:17:00::;champaign%1:17:00::
field%1:14:00::
field%1:15:03::;field_of_operations%1:15:00::;theater%1:15:00::;theater_of_operations%1:15:00::;theatre%1:15:00::;theatre_of_operations%1:15:00::
field%1:14:01::
field%1:14:02::
field%1:15:05::
field%1:14:03::
field%1:09:01::;field_of_view%1:09:00::
airfield%1:06:00::;landing_field%1:06:00::;flying_field%1:06:00::;field%1:06:00::
flight%1:14:01::
flight%1:04:00::;flying%1:04:00::
flight%1:06:00::;flight_of_stairs%1:06:00::;flight_of_steps%1:06:00::
escape%1:04:00::;flight%1:04:01::
flight%1:14:00::
flight%1:09:00::
trajectory%1:19:00::;flight%1:19:00::
flight%1:14:02::
flight%1:04:02::
about%4:02:05::;almost%4:02:00::;most%4:02:02::;nearly%4:02:00::;near%4:02:03::;nigh%4:02:01::;virtually%4:02:02::;well-nigh%4:02:00::
always%4:02:00::;ever%4:02:00::;e'er%4:02:00::
constantly%4:02:03::;invariably%4:02:00::;always%4:02:04::
constantly%4:02:01::;always%4:02:03::;forever%4:02:03::;perpetually%4:02:00::;incessantly%4:02:00::
always%4:02:02::
always%4:02:01::
occur%2:31:00::;come%2:31:14::
occur%2:42:03::
twilight%1:28:00::;dusk%1:28:00::;gloaming%1:28:00::;gloam%1:28:00::;nightfall%1:28:00::;evenfall%1:28:00::;fall%1:28:01::;crepuscule%1:28:00::;crepuscle%1:28:00::
wind%1:19:00::;air_current%1:19:01::;current_of_air%1:19:00::
wind%1:19:01::
wind%1:04:01::
wind%1:10:01::;malarkey%1:10:00::;malarky%1:10:00::;idle_words%1:10:00::;jazz%1:10:02::;nothingness%1:10:00::
wind_instrument%1:06:00::;wind%1:06:00::
fart%1:04:00::;farting%1:04:00::;flatus%1:04:00::;wind%1:04:02::;breaking_wind%1:04:00::
wind%1:04:00::;winding%1:04:00::;twist%1:04:04::
come%2:38:00::;come_up%2:38:02::
come%2:30:01::
come%2:30:03::
come%2:30:02::
issue_forth%2:42:00::;come%2:42:13::
hail%2:42:00::;come%2:42:09::
come%2:42:03::
come%2:42:05::
come%2:38:03::
fall%2:42:03::;come%2:42:00::
come%2:30:13::
total%2:42:00::;number%2:42:00::;add_up%2:42:03::;come%2:42:12::;amount%2:42:01::
come%2:42:11::;add_up%2:42:01::;amount%2:42:00::
come%2:38:02::;come_in%2:38:01::
derive%2:42:00::;come%2:42:15::;descend%2:42:00::
do%2:42:00::;fare%2:42:00::;make_out%2:42:00::;come%2:42:02::;get_along%2:42:00::
come%2:39:00::
come%2:31:13::
lot%1:15:00::
set%1:14:01::;circle%1:14:00::;band%1:14:01::;lot%1:14:00::
fortune%1:26:00::;destiny%1:26:00::;fate%1:26:00::;luck%1:26:00::;lot%1:26:00::;circumstances%1:26:02::;portion%1:26:00::
draw%1:06:01::;lot%1:06:00::
bunch%1:14:02::;lot%1:14:01::;caboodle%1:14:00::
lot%1:18:00::
watch%2:39:00::
watch%2:39:05::;view%2:39:02::;see%2:39:03::;catch%2:39:02::;take_in%2:39:06::
watch%2:39:02::;look_on%2:39:00::
watch%2:39:01::;look_out%2:39:00::;watch_out%2:39:00::
watch%2:39:03::
determine%2:32:01::;check%2:32:10::;find_out%2:32:01::;see%2:32:00::;ascertain%2:32:00::;watch%2:32:09::;learn%2:32:02::
inflate%2:30:01::;blow_up%2:30:01::;expand%2:30:02::;amplify%2:30:02::
inflate%2:30:00::;blow_up%2:30:04::
inflate%2:30:11::
inflate%2:30:10::
stand%2:35:00::;stand_up%2:35:00::
stand%2:42:04::
stand%2:42:03::
stand%2:42:00::;remain_firm%2:42:00::
digest%2:31:03::;endure%2:31:00::;stick_out%2:31:00::;stomach%2:31:00::;bear%2:31:00::;stand%2:31:00::;tolerate%2:31:00::;support%2:31:04::;brook%2:31:00::;abide%2:31:00::;suffer%2:31:00::;put_up%2:31:00::
stand%2:31:01::
stand%2:42:06::
stand%2:42:02::
stand%2:42:01::
stand%2:35:01::;stand_up%2:35:03::;place_upright%2:35:00::
resist%2:33:01::;stand%2:33:00::;fend%2:33:00::
stand%2:35:10::
about%4:02:01::;around%4:02:01::
around%4:02:05::
about%4:02:04::;around%4:02:04::
around%4:02:06::
approximately%4:02:00::;about%4:02:00::;close_to%4:02:00::;just_about%4:02:00::;some%4:02:00::;roughly%4:02:00::;more_or_less%4:02:00::;around%4:02:03::;or_so%4:02:00::
about%4:02:02::;around%4:02:09::
around%4:02:08::
about%4:02:06::;around%4:02:07::
around%4:02:00::
round%4:02:00::;around%4:02:02::
decide%2:31:00::;make_up_one's_mind%2:31:00::;determine%2:31:00::
decide%2:31:01::;settle%2:31:00::;resolve%2:31:01::;adjudicate%2:31:00::
decide%2:31:02::
decide%2:31:06::
fly%2:38:00::;wing%2:38:00::
fly%2:38:02::
fly%2:38:01::;aviate%2:38:00::;pilot%2:38:00::
fly%2:35:00::
fly%2:38:07::
fly%2:38:08::
fly%2:30:01::
fly%2:38:06::;fell%2:38:09::;vanish%2:38:05::
fly%2:38:05::
fly%2:39:00::
flee%2:38:00::;fly%2:38:03::;take_flight%2:38:00::
fly%2:38:04::
fly%2:35:01::
vanish%2:30:01::;fly%2:30:00::;vaporize%2:30:04::
order%1:10:03::
order%1:07:01::;order_of_magnitude%1:07:00::
order%1:26:00::
ordering%1:14:00::;order%1:14:00::;ordination%1:14:00::
orderliness%1:26:00::;order%1:26:02::
decree%1:10:00::;edict%1:10:00::;fiat%1:10:00::;order%1:10:00::;rescript%1:10:03::
order%1:10:01::;purchase_order%1:10:00::
club%1:14:00::;social_club%1:14:00::;society%1:14:01::;guild%1:14:00::;gild%1:14:00::;lodge%1:14:00::;order%1:14:02::
order%1:10:02::;rules_of_order%1:10:00::;parliamentary_law%1:10:00::;parliamentary_procedure%1:10:00::
holy_order%1:26:00::;order%1:26:01::
order%1:14:03::;monastic_order%1:14:00::
order%1:14:01::
order%1:10:04::
order%1:07:00::
order%1:04:00::;ordering%1:04:00::
passenger%1:18:00::;rider%1:18:01::
bend%1:25:02::;crook%1:25:00::;twist%1:25:01::;turn%1:25:00::
turn%1:04:01::;turning%1:04:00::
turn%1:04:06::;play%1:04:01::
turn%1:11:01::;turn_of_events%1:11:00::;twist%1:11:00::
turning%1:11:00::;turn%1:11:00::
turn%1:04:02::
twist%1:04:03::;turn%1:04:07::
go%1:28:00::;spell%1:28:00::;tour%1:28:00::;turn%1:28:01::
turn%1:28:00::;bout%1:28:00::;round%1:28:00::
turn%1:04:04::;good_turn%1:04:00::
turn%1:04:03::
advancement%1:04:02::;progress%1:04:01::
progress%1:04:00::;progression%1:04:00::;procession%1:04:01::;advance%1:04:00::;advancement%1:04:01::;forward_motion%1:04:00::;onward_motion%1:04:00::
progress%1:11:00::;progression%1:11:00::;advance%1:11:00::
car%1:06:01::;railcar%1:06:00::;railway_car%1:06:00::;railroad_car%1:06:00::
car%1:06:03::;gondola%1:06:03::
car%1:06:02::;elevator_car%1:06:00::
cable_car%1:06:00::;car%1:06:04::
listen%2:39:00::
listen%2:39:01::;hear%2:39:05::;take_heed%2:39:00::
heed%2:41:00::;mind%2:41:00::;listen%2:41:11::
driver%1:18:00::
driver%1:18:02::
driver%1:18:01::
driver%1:10:00::;device_driver%1:10:00::
driver%1:06:00::;number_one_wood%1:06:00::
holler%2:32:06::;holler_out%2:32:00::
shout%2:32:01::;shout_out%2:32:00::;cry%2:32:01::;call%2:32:09::;yell%2:32:01::;scream%2:32:01::;holler%2:32:05::;hollo%2:32:00::;squall%2:32:00::
gripe%2:32:00::;bitch%2:32:01::;grouse%2:32:00::;crab%2:32:00::;beef%2:32:00::;squawk%2:32:00::;bellyache%2:32:00::;holler%2:32:00::
walkie-talkie%1:06:00::;walky-talky%1:06:00::
long%3:00:02::
long%3:00:01::
long%5:00:00:tall:00
retentive%3:00:00::;recollective%3:00:00::;long%3:00:00::;tenacious%3:00:00::
long%3:00:05::
long%3:00:04::
long%5:00:00:unsound:00
farseeing%5:00:00:provident:00;farsighted%5:00:00:provident:00;foresighted%5:00:00:provident:00;foresightful%5:00:00:provident:00;prospicient%5:00:00:provident:00;long%5:00:00:provident:00;longsighted%5:00:00:provident:00
long%5:00:00:abundant:00
stretch%1:17:00::
reach%1:04:00::;reaching%1:04:01::;stretch%1:04:01::
stretch%1:06:00::
stretch%1:04:00::;stretching%1:04:00::
stretch%1:04:02::
stretch%1:28:00::;stint%1:28:00::
stretch%1:07:00::;stretchiness%1:07:00::;stretchability%1:07:00::
attendant%5:00:00:present:02
attendant%5:00:00:subsequent:00;consequent%5:00:00:subsequent:00;accompanying%5:00:00:subsequent:00;concomitant%5:00:00:subsequent:00;incidental%5:00:00:subsequent:00;ensuant%5:00:00:subsequent:00;resultant%5:00:00:subsequent:00;sequent%5:00:01:subsequent:00
land%1:17:00::;dry_land%1:17:00::;earth%1:17:01::;ground%1:17:00::;solid_ground%1:17:00::;terra_firma%1:17:00::
reason%1:16:00::;ground%1:16:00::
earth%1:27:00::;ground%1:27:00::
footing%1:24:00::;basis%1:24:00::;ground%1:24:00::
ground%1:15:00::
background%1:09:00::;ground%1:09:00::
land%1:17:01::;ground%1:17:01::;soil%1:17:00::
ground%1:09:01::
ground%1:06:02::;earth%1:06:00::
ground%1:06:01::
flat_coat%1:06:00::;ground%1:06:00::;primer%1:06:01::;priming%1:06:01::;primer_coat%1:06:00::;priming_coat%1:06:00::;undercoat%1:06:01::
lovely%5:00:00:beautiful:00
adorable%5:00:00:lovable:00;endearing%5:00:00:lovable:00;lovely%5:00:00:lovable:00
minute%1:28:00::;min%1:28:00::
moment%1:28:00::;minute%1:28:02::;second%1:28:02::;instant%1:28:00::
minute%1:23:00::;arcminute%1:23:00::;minute_of_arc%1:23:00::
minute%1:10:00::
float%2:38:00::;drift%2:38:02::;be_adrift%2:38:00::;blow%2:38:00::
stray%2:38:00::;err%2:38:00::;drift%2:38:04::
roll%2:38:09::;wander%2:38:00::;swan%2:38:00::;stray%2:38:01::;tramp%2:38:02::;roam%2:38:00::;cast%2:38:01::;ramble%2:38:01::;rove%2:38:00::;range%2:38:00::;drift%2:38:01::;vagabond%2:38:00::
drift%2:42:03::
freewheel%2:42:00::;drift%2:42:00::
drift%2:38:05::
drift%2:38:06::
drift%2:35:03::
drift%2:30:10::
drift%2:30:00::
silver%1:27:00::;ag%1:27:00::;atomic_number_47%1:27:00::
silver%1:21:00::
ash_grey%1:07:00::;ash_gray%1:07:00::;silver%1:07:00::;silver_grey%1:07:00::;silver_gray%1:07:00::
flatware%1:06:00::;silver%1:06:00::
silver_medal%1:06:00::;silver%1:06:01::
mist%1:19:00::
rise%2:38:00::;lift%2:38:03::;arise%2:38:04::;move_up%2:38:00::;go_up%2:38:00::;come_up%2:38:03::;uprise%2:38:01::
rise%2:30:00::;go_up%2:30:00::;climb%2:30:01::
arise%2:38:00::;rise%2:38:05::;uprise%2:38:03::;get_up%2:38:01::;stand_up%2:38:00::
rise%2:42:00::;lift%2:42:01::;rear%2:42:00::
surface%2:38:00::;come_up%2:38:01::;rise_up%2:38:00::;rise%2:38:04::
originate%2:42:00::;arise%2:42:00::;rise%2:42:01::;develop%2:42:00::;uprise%2:42:02::;spring_up%2:42:00::;grow%2:42:00::
wax%2:30:00::;mount%2:30:00::;climb%2:30:00::;rise%2:30:03::
heighten%2:30:01::;rise%2:30:02::
get_up%2:29:00::;turn_out%2:29:00::;arise%2:29:00::;uprise%2:29:00::;rise%2:29:08::
rise%2:30:09::;jump%2:30:01::;climb_up%2:30:02::
rise%2:37:00::
rise%2:33:00::
rebel%2:41:00::;arise%2:41:00::;rise%2:41:00::;rise_up%2:41:00::
rise%2:38:02::;prove%2:38:01::
resurrect%2:29:01::;rise%2:29:00::;uprise%2:29:05::
cow%1:05:01::;moo-cow%1:05:00::
cow%1:05:02::
cow%1:18:00::
amble%2:38:00::;mosey%2:38:00::
difficult%3:00:00::;hard%3:00:06::
hard%3:00:02::
hard%3:00:01::
hard%5:00:00:strong:00;knockout%5:00:00:strong:00;severe%5:00:00:strong:00
arduous%5:00:00:effortful:00;backbreaking%5:00:00:effortful:00;grueling%5:00:00:effortful:00;gruelling%5:00:00:effortful:00;hard%5:00:01:effortful:00;heavy%5:00:00:effortful:00;laborious%5:00:00:effortful:00;operose%5:00:00:effortful:00;punishing%5:00:00:effortful:00;toilsome%5:00:00:effortful:00
unvoiced%3:00:00::;voiceless%3:00:04::;surd%3:00:00::;hard%3:00:00::
hard%3:00:05::;concentrated%3:00:01::
hard%3:00:03::
intemperate%5:00:00:indulgent:00;hard%5:00:00:indulgent:00;heavy%5:00:00:indulgent:00
hard%5:00:00:alcoholic:00;strong%5:00:00:alcoholic:00
hard%5:00:00:bad:00;tough%5:00:00:bad:00
hard%5:00:00:stale:00
god%1:18:00::;supreme_being%1:18:00::
deity%1:18:00::;divinity%1:18:00::;god%1:18:01::;immortal%1:18:00::
god%1:18:02::
idol%1:06:00::;graven_image%1:06:00::;god%1:06:00::
eden%1:15:00::;paradise%1:15:01::;nirvana%1:15:00::;heaven%1:15:01::;promised_land%1:15:01::;shangri-la%1:15:00::
heaven%1:09:00::
bird's-eye%5:00:00:wide:00;panoramic%5:00:00:wide:00
position%1:09:00::;view%1:09:02::;perspective%1:09:00::
view%1:09:01::;aspect%1:09:01::;prospect%1:09:00::;scene%1:09:00::;vista%1:09:00::;panorama%1:09:00::
view%1:04:00::;survey%1:04:01::;sight%1:04:00::
view%1:15:00::;eyeshot%1:15:00::
opinion%1:09:00::;sentiment%1:09:00::;persuasion%1:09:00::;view%1:09:04::;thought%1:09:03::
opinion%1:10:01::;view%1:10:00::
view%1:09:00::
scene%1:06:01::;view%1:06:00::
horizon%1:07:00::;view%1:07:00::;purview%1:07:00::
view%1:07:01::
cockamamie%5:00:00:foolish:00;cockamamy%5:00:00:foolish:00;goofy%5:00:00:foolish:00;sappy%5:00:00:foolish:00;silly%5:00:00:foolish:00;wacky%5:00:00:foolish:00;whacky%5:00:00:foolish:00;zany%5:00:00:foolish:00
airheaded%5:00:00:frivolous:00;dizzy%5:00:00:frivolous:00;empty-headed%5:00:00:frivolous:00;featherbrained%5:00:00:frivolous:00;giddy%5:00:00:frivolous:00;light-headed%5:00:00:frivolous:00;lightheaded%5:00:00:frivolous:00;silly%5:00:00:frivolous:00
pathetic%5:00:00:undignified:00;ridiculous%5:00:00:undignified:00;silly%5:00:00:undignified:00
punch-drunk%5:00:00:confused:00;silly%5:00:00:confused:00;slaphappy%5:00:00:confused:00
tartan%1:06:00::;plaid%1:06:00::
beret%1:06:00::
continue%2:42:01::;go_on%2:42:00::;proceed%2:42:00::;go_along%2:42:00::;keep%2:42:07::
keep%2:40:00::;hold_on%2:40:00::
prevent%2:41:00::;keep%2:41:01::
observe%2:41:04::;keep%2:41:03::
observe%2:31:00::;keep%2:31:00::;maintain%2:31:00::
keep%2:40:01::
keep%2:32:00::;maintain%2:32:04::
keep%2:42:01::
retain%2:41:01::;continue%2:41:00::;keep%2:41:02::;keep_on%2:41:00::
sustain%2:34:00::;keep%2:34:00::;maintain%2:34:00::
keep%2:42:03::;stay_fresh%2:42:00::
observe%2:41:02::;celebrate%2:41:01::;keep%2:41:05::
restrain%2:41:01::;keep%2:41:00::;keep_back%2:41:00::;hold_back%2:41:00::
keep%2:42:02::;preserve%2:42:01::
keep%2:42:12::
keep_open%2:40:00::;hold_open%2:40:00::;keep%2:40:09::;save%2:40:03::
keep%2:40:13::
keep%2:40:12::
keep%2:40:10::;maintain%2:40:10::
keep%2:35:10::
preserve%2:30:00::;keep%2:30:10::
comment%2:32:00::;notice%2:32:00::;remark%2:32:01::;point_out%2:32:01::
signalize%2:32:02::;signalise%2:32:02::;point_out%2:32:03::;call_attention%2:32:00::
remonstrate%2:32:01::;point_out%2:32:02::
finally%4:02:02::;eventually%4:02:00::
small%3:00:00::;little%3:00:01::
little%3:00:03::;slight%3:00:00::
little%5:00:00:young:00;small%5:00:00:young:00
fiddling%5:00:00:unimportant:00;footling%5:00:00:unimportant:00;lilliputian%5:00:00:unimportant:00;little%5:00:00:unimportant:00;niggling%5:00:00:unimportant:00;piddling%5:00:00:unimportant:00;piffling%5:00:00:unimportant:00;petty%5:00:00:unimportant:00;picayune%5:00:00:unimportant:00;trivial%5:00:00:unimportant:00
little%5:00:00:soft:04;small%5:00:00:soft:04
short%3:00:03::;little%3:00:00::
little%5:00:00:lowercase:00;minuscule%5:00:00:lowercase:00;small%5:00:00:lowercase:00
little%5:00:00:emotional:00
farmer%1:18:00::;husbandman%1:18:00::;granger%1:18:00::;sodbuster%1:18:00::
farmer%1:18:01::;james_leonard_farmer%1:18:00::
farmer%1:18:02::;fannie_farmer%1:18:00::;fannie_merritt_farmer%1:18:00::
rock%1:17:01::;stone%1:17:00::
stone%1:06:00::
rock%1:27:00::;stone%1:27:00::
gem%1:27:00::;gemstone%1:27:00::;stone%1:27:01::
stone%1:23:00::
stone%1:20:00::;pit%1:20:00::;endocarp%1:20:00::
stone%1:18:05::;harlan_stone%1:18:00::;harlan_f._stone%1:18:00::;harlan_fisk_stone%1:18:00::
stone%1:18:04::;oliver_stone%1:18:00::
stone%1:18:03::;lucy_stone%1:18:00::
stone%1:18:02::;i._f._stone%1:18:00::;isidor_feinstein_stone%1:18:00::
stone%1:18:01::;harlan_fiske_stone%1:18:00::
stone%1:18:00::;edward_durell_stone%1:18:00::
stone%1:07:00::
house%1:06:00::
firm%1:14:00::;house%1:14:01::;business_firm%1:14:00::
house%1:14:04::
house%1:14:03::
house%1:14:02::
house%1:14:00::
house%1:04:00::
sign_of_the_zodiac%1:15:00::;star_sign%1:15:00::;sign%1:15:00::;mansion%1:15:00::;house%1:15:00::;planetary_house%1:15:00::
house%1:14:06::
family%1:14:02::;household%1:14:00::;house%1:14:05::;home%1:14:00::;menage%1:14:00::
theater%1:06:00::;theatre%1:06:00::;house%1:06:02::
house%1:06:01::
put%2:35:00::;set%2:35:00::;place%2:35:00::;pose%2:35:02::;position%2:35:00::;lay%2:35:01::
put%2:35:05::
frame%2:32:00::;redact%2:32:00::;cast%2:32:00::;put%2:32:00::;couch%2:32:00::
put%2:34:00::;assign%2:34:00::
invest%2:40:00::;put%2:40:00::;commit%2:40:05::;place%2:40:03::
place%2:31:13::;put%2:31:13::;set%2:31:13::
put%2:39:13::
put%2:36:13::
arrange%2:31:00::;set_up%2:31:00::;put%2:31:00::;order%2:31:01::
hand%1:08:00::;manus%1:08:00::;mitt%1:08:00::;paw%1:08:01::
hired_hand%1:18:00::;hand%1:18:00::;hired_man%1:18:00::
handwriting%1:10:00::;hand%1:10:00::;script%1:10:02::
hand%1:09:00::
hand%1:15:00::
hand%1:14:00::;deal%1:14:00::
hand%1:09:01::
hand%1:06:00::
hand%1:23:00::
hand%1:18:02::
bridge_player%1:18:00::;hand%1:18:01::
hand%1:10:01::
hand%1:05:01::
hand%1:04:00::;helping_hand%1:04:00::
bantam%5:00:00:small:00;diminutive%5:00:00:small:00;lilliputian%5:00:00:small:00;midget%5:00:00:small:00;petite%5:00:00:small:00;tiny%5:00:00:small:00;flyspeck%5:00:00:small:00
eye%1:08:00::;oculus%1:08:00::;optic%1:08:00::
eye%1:09:00::
eye%1:09:01::
center%1:15:01::;centre%1:15:01::;middle%1:15:00::;heart%1:15:00::;eye%1:15:00::
eye%1:06:00::
squint%2:29:00::;squinch%2:29:00::
squint%2:39:00::
squint%2:29:02::
wonder%1:12:00::;wonderment%1:12:00::;admiration%1:12:02::
wonder%1:11:00::;marvel%1:11:00::
curiosity%1:09:00::;wonder%1:09:00::
directly%4:02:00::;straight%4:02:05::;direct%4:02:00::
directly%4:02:01::;flat%4:02:00::;straight%4:02:04::
straight%4:02:00::
see%2:39:00::
understand%2:31:01::;realize%2:31:00::;realise%2:31:00::;see%2:31:01::
visualize%2:36:00::;visualise%2:36:00::;envision%2:36:00::;project%2:36:00::;fancy%2:36:00::;see%2:36:00::;figure%2:36:00::;picture%2:36:01::;image%2:36:00::
see%2:31:00::;consider%2:31:00::;reckon%2:31:00::;view%2:31:00::;regard%2:31:00::
learn%2:31:01::;hear%2:31:00::;get_word%2:31:00::;get_wind%2:31:01::;pick_up%2:31:00::;find_out%2:31:00::;get_a_line%2:31:00::;discover%2:31:01::;see%2:31:02::
meet%2:38:01::;run_into%2:38:01::;encounter%2:38:00::;run_across%2:38:00::;come_across%2:38:00::;see%2:38:00::
see%2:31:03::;check%2:31:02::;insure%2:31:00::;see_to_it%2:31:00::;ensure%2:31:00::;control%2:31:01::;ascertain%2:31:00::;assure%2:31:00::
see%2:41:11::
see%2:41:12::
visit%2:41:02::;see%2:41:10::
see%2:35:09::
go_steady%2:41:00::;go_out%2:41:00::;date%2:41:01::;see%2:41:00::
see%2:39:05::
see%2:31:08::
see%2:39:11::
examine%2:39:00::;see%2:39:13::
experience%2:39:01::;see%2:39:12::;go_through%2:39:00::
see%2:38:03::;escort%2:38:01::
see%2:33:00::
interpret%2:31:00::;construe%2:31:00::;see%2:31:13::
rule%1:09:00::;regulation%1:09:00::
rule%1:10:00::;prescript%1:10:00::
rule%1:10:01::;linguistic_rule%1:10:00::
principle%1:09:03::;rule%1:09:03::
rule%1:28:00::
dominion%1:26:00::;rule%1:26:00::
rule%1:10:02::
rule%1:10:03::
principle%1:09:04::;rule%1:09:02::
rule%1:09:04::;formula%1:09:01::
rule%1:06:00::;ruler%1:06:00::
thumb%1:08:00::;pollex%1:08:00::
thumb%1:06:00::
ovolo%1:06:00::;thumb%1:06:01::;quarter_round%1:06:00::
steer%2:38:00::;maneuver%2:38:00::;manoeuver%2:38:00::;manoeuvre%2:38:00::;direct%2:38:03::;point%2:38:05::;head%2:38:01::;guide%2:38:01::;channelize%2:38:03::;channelise%2:38:03::
steer%2:38:01::
guide%2:41:00::;steer%2:41:00::
heat%2:30:01::;heat_up%2:30:00::
heat%2:40:00::
inflame%2:37:00::;stir_up%2:37:00::;wake%2:37:00::;ignite%2:37:00::;heat%2:37:00::;fire_up%2:37:00::
heat%2:30:00::;hot_up%2:30:02::;heat_up%2:30:01::
air%1:27:00::
air%1:15:00::
air%1:07:00::;aura%1:07:01::;atmosphere%1:07:00::
breeze%1:19:00::;zephyr%1:19:00::;gentle_wind%1:19:00::;air%1:19:00::
atmosphere%1:15:00::;air%1:15:01::
air%1:27:01::
tune%1:10:00::;melody%1:10:00::;air%1:10:01::;strain%1:10:00::;melodic_line%1:10:00::;line%1:10:03::;melodic_phrase%1:10:00::
air%1:10:02::;airwave%1:10:00::
propane%1:27:00::
burner%1:06:00::
burner%1:06:01::
make%2:41:00::;do%2:41:01::
make%2:36:00::;create%2:36:00::
cause%2:36:00::;do%2:36:02::;make%2:36:08::
produce%2:36:00::;make%2:36:01::;create%2:36:03::
draw%2:31:00::;make%2:31:00::
make%2:36:15::
create%2:36:13::;make%2:36:09::
gain%2:40:00::;take_in%2:40:00::;clear%2:40:00::;make%2:40:01::;earn%2:40:01::;realize%2:40:01::;realise%2:40:01::;pull_in%2:40:00::;bring_in%2:40:01::
do%2:36:00::;make%2:36:05::
form%2:42:00::;constitute%2:42:03::;make%2:42:05::
make%2:42:00::
make%2:36:11::
make%2:36:12::
construct%2:36:00::;build%2:36:00::;make%2:36:13::
make%2:30:15::
make%2:29:08::
name%2:41:01::;nominate%2:41:01::;make%2:41:03::
lay_down%2:31:00::;establish%2:31:02::;make%2:31:13::
make%2:41:13::
make%2:41:01::
make%2:30:02::;make_up%2:30:00::
take%2:38:05::;make%2:38:05::
stool%2:29:00::;defecate%2:29:00::;shit%2:29:00::;take_a_shit%2:29:00::;take_a_crap%2:29:00::;ca-ca%2:29:00::;crap%2:29:00::;make%2:29:00::
make%2:42:09::
make%2:42:13::
make%2:42:12::
make%2:42:11::
make%2:42:15::
make%2:39:12::
make%2:38:10::;work%2:38:00::
make%2:38:15::
make%2:36:10::
cook%2:36:00::;fix%2:36:00::;ready%2:36:00::;make%2:36:07::;prepare%2:36:01::
seduce%2:35:00::;score%2:35:01::;make%2:35:13::
make%2:32:14::
make%2:32:09::;pretend%2:32:01::;make_believe%2:32:01::
make%2:31:10::
make%2:31:12::
make%2:30:10::
make%2:30:14::
make%2:30:12::
make%2:29:06::
make%2:29:01::;urinate%2:29:00::;piddle%2:29:00::;puddle%2:29:00::;micturate%2:29:00::;piss%2:29:00::;pee%2:29:00::;pee-pee%2:29:00::;make_water%2:29:00::;relieve_oneself%2:29:00::;take_a_leak%2:29:00::;spend_a_penny%2:29:00::;wee%2:29:00::;wee-wee%2:29:00::;pass_water%2:29:00::
top%1:15:01::
top%1:15:00::;top_side%1:15:00::;upper_side%1:15:00::;upside%1:15:00::
peak%1:15:00::;crown%1:15:00::;crest%1:15:01::;top%1:15:02::;tip%1:15:01::;summit%1:15:00::
top%1:28:00::;top_of_the_inning%1:28:00::
top%1:07:02::
top%1:06:04::
top%1:06:03::;whirligig%1:06:01::;teetotum%1:06:00::;spinning_top%1:06:00::
top%1:06:01::;cover%1:06:03::
top%1:06:00::
circus_tent%1:06:00::;big_top%1:06:00::;round_top%1:06:00::;top%1:06:02::
head%1:08:00::;caput%1:08:00::
head%1:05:00::
mind%1:09:00::;head%1:09:00::;brain%1:09:01::;psyche%1:09:00::;nous%1:09:00::
head%1:18:00::;chief%1:18:00::;top_dog%1:18:00::
head%1:14:00::
head%1:19:00::
head%1:15:00::
fountainhead%1:15:00::;headspring%1:15:00::;head%1:15:01::
head%1:10:03::;head_word%1:10:01::
head%1:26:00::
head%1:23:00::
capitulum%1:20:01::;head%1:20:00::
principal%1:18:00::;school_principal%1:18:00::;head_teacher%1:18:00::;head%1:18:01::
head%1:18:03::
head%1:18:02::
promontory%1:17:00::;headland%1:17:00::;head%1:17:02::;foreland%1:17:00::
head%1:17:01::
head%1:17:00::
forefront%1:15:00::;head%1:15:02::
pass%1:11:00::;head%1:11:01::;straits%1:11:00::
headway%1:11:00::;head%1:11:00::
point%1:10:02::;head%1:10:01::
question%1:10:01::;head%1:10:02::
heading%1:10:00::;header%1:10:00::;head%1:10:00::
head%1:08:01::
head%1:08:02::
read/write_head%1:06:00::;head%1:06:05::
head%1:06:04::
head%1:06:03::
head%1:06:02::
head%1:06:00::
drumhead%1:06:00::;head%1:06:01::
oral_sex%1:04:00::;head%1:04:00::
hot%3:00:01::
hot%5:00:00:violent:00;raging%5:00:00:violent:00
hot%3:00:02::
hot%5:00:00:warm:03
hot%5:00:00:sexy:00
hot%5:00:00:illegal:00
blistering%5:00:00:fast:01;hot%5:00:00:fast:01;red-hot%5:00:00:fast:01
hot%5:00:00:wanted:00
hot%5:00:00:tasty:00;spicy%5:00:01:tasty:00
hot%5:00:00:skilled:00
hot%5:00:00:popular:00
hot%5:00:00:unpleasant:00
hot%5:00:00:new:00;red-hot%5:00:00:new:00
hot%5:00:00:lucky:00
hot%5:00:00:good:01
hot%5:00:00:fresh:01
hot%5:00:00:eager:00
hot%5:00:00:near:00
hot%5:00:00:radioactive:00
hot%5:00:00:charged:00;live%5:00:00:charged:00
hot%5:00:00:active:01
current%1:19:01::;electric_current%1:19:00::
current%1:11:00::;stream%1:11:00::
stream%1:14:00::;flow%1:14:00::;current%1:14:00::
necessary%3:00:00::
necessary%5:00:00:inevitable:00
rarely%4:02:00::;seldom%4:02:00::
higher%5:00:02:high:02
higher%5:00:01:high:02
foot%1:08:01::;human_foot%1:08:00::;pes%1:08:00::
foot%1:23:00::;ft%1:23:00::
foot%1:15:00::
animal_foot%1:05:00::;foot%1:05:01::
foundation%1:06:00::;base%1:06:01::;fundament%1:06:00::;foot%1:06:00::;groundwork%1:06:00::;substructure%1:06:00::;understructure%1:06:00::
foot%1:05:00::;invertebrate_foot%1:05:00::
foot%1:04:00::
foot%1:18:00::
infantry%1:14:00::;foot%1:14:00::
metrical_foot%1:10:00::;foot%1:10:00::;metrical_unit%1:10:00::
foot%1:06:01::
average%2:42:00::;average_out%2:42:00::
average%2:41:00::
average%2:31:00::;average_out%2:31:00::
easy%5:00:00:unhurried:00;easygoing%5:00:00:unhurried:00;leisurely%5:00:00:unhurried:00
mile%1:23:01::;statute_mile%1:23:00::;stat_mi%1:23:00::;land_mile%1:23:00::;international_mile%1:23:00::;mi%1:23:00::
nautical_mile%1:23:01::;mile%1:23:04::;mi%1:23:04::;naut_mi%1:23:00::;knot%1:23:00::;international_nautical_mile%1:23:00::;air_mile%1:23:00::
mile%1:23:07::
sea_mile%1:23:00::;mile%1:23:05::
nautical_mile%1:23:02::;naut_mi%1:23:01::;mile%1:23:06::;mi%1:23:05::;geographical_mile%1:23:00::;admiralty_mile%1:23:00::
mile%1:23:03::;roman_mile%1:23:00::
mile%1:23:02::;mil%1:23:05::;swedish_mile%1:23:00::
mile%1:11:00::
cruise%2:38:03::
cruise%2:38:02::
cruise%2:39:00::
cruise%2:38:01::
along%4:02:01::;on%4:02:00::
along%4:02:00::
along%4:02:03::
along%4:02:02::
along%4:02:04::
steady%3:00:00::
firm%5:00:02:stable:00;steady%5:00:00:stable:00;unfluctuating%5:00:00:stable:00
steady%5:00:00:secure:03
firm%5:00:00:resolute:00;steadfast%5:00:00:resolute:00;steady%5:00:00:resolute:00;stiff%5:00:00:resolute:00;unbendable%5:00:00:resolute:00;unfaltering%5:00:00:resolute:00;unshakable%5:00:00:resolute:00;unwavering%5:00:00:resolute:00
regular%5:00:00:frequent:00;steady%5:00:00:frequent:00
steady%5:00:00:unexcitable:00
altitude%1:25:00::
elevation%1:24:00::;el%1:24:00::;altitude%1:24:00::;alt%1:24:00::
sense%1:09:05::
sense%1:10:00::;signified%1:10:00::
sense%1:09:02::;sensation%1:09:01::;sentience%1:09:00::;sentiency%1:09:00::;sensory_faculty%1:09:00::
common_sense%1:09:00::;good_sense%1:09:00::;gumption%1:09:00::;horse_sense%1:09:00::;sense%1:09:04::;mother_wit%1:09:00::
sense%1:09:06::
gesture%1:10:00::;motion%1:10:00::
movement%1:11:00::;motion%1:11:00::
motion%1:04:00::;movement%1:04:00::;move%1:04:03::;motility%1:04:00::
motion%1:26:00::
motion%1:10:01::;question%1:10:02::
motion%1:04:01::;movement%1:04:04::;move%1:04:04::
apparent_motion%1:19:00::;motion%1:19:00::;apparent_movement%1:19:00::;movement%1:19:00::
case%1:11:00::;instance%1:11:00::;example%1:11:00::
event%1:26:00::;case%1:26:00::
lawsuit%1:04:00::;suit%1:04:00::;case%1:04:00::;cause%1:04:00::;causa%1:04:00::
case%1:09:00::
case%1:06:00::
case%1:18:03::
subject%1:18:01::;case%1:18:02::;guinea_pig%1:18:00::
case%1:10:02::
case%1:10:01::
case%1:23:00::;caseful%1:23:00::
case%1:10:00::;grammatical_case%1:10:00::
case%1:26:02::
character%1:18:00::;eccentric%1:18:01::;type%1:18:00::;case%1:18:04::
font%1:10:00::;fount%1:10:00::;typeface%1:10:00::;face%1:10:00::;case%1:10:03::
sheath%1:08:00::;case%1:08:00::
shell%1:06:02::;case%1:06:06::;casing%1:06:01::
casing%1:06:00::;case%1:06:07::
case%1:06:03::;compositor's_case%1:06:00::;typesetter's_case%1:06:00::
case%1:06:02::;pillowcase%1:06:00::;slip%1:06:02::;pillow_slip%1:06:00::
case%1:06:01::;display_case%1:06:00::;showcase%1:06:00::;vitrine%1:06:00::
descend%2:38:00::;fall%2:38:00::;go_down%2:38:02::;come_down%2:38:00::
condescend%2:41:00::;deign%2:41:00::;descend%2:41:00::
fall%2:30:13::;descend%2:30:13::;settle%2:30:13::
tad%1:23:00::;shade%1:23:00::
feel%1:09:00::
spirit%1:26:00::;tone%1:26:01::;feel%1:26:00::;feeling%1:26:00::;flavor%1:26:00::;flavour%1:26:00::;look%1:26:00::;smell%1:26:00::
tactile_property%1:07:00::;feel%1:07:00::
feel%1:04:00::
well%4:02:00::;good%4:02:00::
well%4:02:05::
well%4:02:03::;easily%4:02:05::
well%4:02:15::
well%4:02:08::
well%4:02:07::
well%4:02:11::;considerably%4:02:01::;substantially%4:02:01::
well%4:02:14::;intimately%4:02:01::
well%4:02:13::
well%4:02:12::
well%4:02:10::;advantageously%4:02:00::
well%4:02:09::;comfortably%4:02:01::
well%4:02:01::
field_day%1:28:01::;outing%1:28:00::;picnic%1:28:00::
cinch%1:04:01::;breeze%1:04:00::;picnic%1:04:00::;snap%1:04:02::;duck_soup%1:04:00::;child's_play%1:04:00::;pushover%1:04:00::;walkover%1:04:00::;piece_of_cake%1:04:00::
picnic%1:13:00::
perform%2:36:00::;execute%2:36:01::;do%2:36:01::
do%2:41:04::;perform%2:41:00::
practice%2:41:00::;practise%2:41:00::;exercise%2:41:00::;do%2:41:02::
suffice%2:42:00::;do%2:42:01::;answer%2:42:02::;serve%2:42:12::
act%2:29:00::;behave%2:29:00::;do%2:29:09::
serve%2:42:00::;do%2:42:02::
do%2:41:03::;manage%2:41:02::
dress%2:29:04::;arrange%2:29:00::;set%2:29:05::;do%2:29:04::;coif%2:29:00::;coiffe%2:29:00::;coiffure%2:29:00::
do%2:38:00::
hiss%2:32:00::;siss%2:32:00::;sizz%2:32:00::;sibilate%2:32:00::
hiss%2:38:00::;whoosh%2:38:01::
hiss%2:32:01::;sizz%2:32:01::;siss%2:32:01::;sibilate%2:32:01::
boo%2:32:00::;hiss%2:32:02::
companion%1:18:00::;comrade%1:18:00::;fellow%1:18:02::;familiar%1:18:02::;associate%1:18:01::
companion%1:18:02::;fellow_traveler%1:18:00::;fellow_traveller%1:18:00::
companion%1:18:01::
english-speaking%5:00:00:communicative:00
member%1:18:00::;fellow_member%1:18:00::
member%1:24:00::
extremity%1:08:00::;appendage%1:08:00::;member%1:08:00::
member%1:14:00::
penis%1:08:00::;phallus%1:08:00::;member%1:08:01::
knuckle%1:08:00::;knuckle_joint%1:08:00::;metacarpophalangeal_joint%1:08:00::
white%3:00:01::
white%3:00:02::
white%5:00:00:pure:01
white%5:00:00:covered:00;snowy%5:00:02:covered:00
white%5:00:00:segregated:00;lily-white%5:00:00:segregated:00
white%5:00:00:hot:01;white-hot%5:00:00:hot:01
white%5:00:00:good:02
blank%5:00:00:empty:00;clean%5:00:00:empty:00;white%5:00:00:empty:00
white%5:00:00:diluted:00
white%5:00:02:colorless:02;whitened%5:00:02:colorless:02
ashen%5:00:00:colorless:02;blanched%5:00:00:colorless:02;bloodless%5:00:00:colorless:02;livid%5:00:00:colorless:02;white%5:00:00:colorless:02
white%5:00:00:light:06
attention%1:09:00::;attending%1:09:00::
care%1:04:01::;attention%1:04:01::;aid%1:04:01::;tending%1:04:00::
attention%1:09:02::
attention%1:04:02::
attention%1:09:01::
attention%1:07:00::
yell%2:32:00::;scream%2:32:08::
immerse%2:35:00::;plunge%2:35:01::
dive%2:38:00::;plunge%2:38:01::;plunk%2:38:00::
plunge%2:38:05::
plunge%2:30:10::;launch%2:30:10::
plunge%2:31:01::;immerse%2:31:01::
plunge%2:38:00::;dump%2:38:01::
dunk%2:35:00::;dip%2:35:00::;souse%2:35:00::;plunge%2:35:00::;douse%2:35:00::
steep%2:31:00::;immerse%2:31:00::;engulf%2:31:00::;plunge%2:31:00::;engross%2:31:02::;absorb%2:31:06::;soak_up%2:31:00::
bet%2:32:00::;wager%2:32:00::
bet%2:33:00::;wager%2:33:00::;play%2:33:08::
jump%2:38:00::;leap%2:38:00::;bound%2:38:01::;spring%2:38:01::
leap%2:30:00::;jump%2:30:05::
jump%2:38:11::;leap%2:38:11::;jump_off%2:38:02::
jump%2:38:01::;leap%2:38:10::
tank%1:06:01::;army_tank%1:06:00::;armored_combat_vehicle%1:06:00::;armoured_combat_vehicle%1:06:00::
tank%1:06:00::;storage_tank%1:06:00::
tank%1:23:00::;tankful%1:23:00::
tank_car%1:06:00::;tank%1:06:02::
cooler%1:06:01::;tank%1:06:03::
wear%2:29:00::;have_on%2:29:00::
wear%2:29:04::;bear%2:29:02::
wear%2:42:01::
wear%2:30:00::;wear_off%2:30:00::;wear_out%2:30:00::;wear_down%2:30:00::;wear_thin%2:30:00::
wear%2:29:02::
wear%2:42:00::;hold_out%2:42:01::;endure%2:42:01::
break%2:35:00::;wear%2:35:00::;wear_out%2:35:00::;bust%2:35:00::;fall_apart%2:35:00::
tire%2:29:01::;wear_upon%2:29:00::;tire_out%2:29:00::;wear%2:29:03::;weary%2:29:00::;jade%2:29:01::;wear_out%2:29:00::;outwear%2:29:00::;wear_down%2:29:00::;fag_out%2:29:00::;fag%2:29:00::;fatigue%2:29:00::
wear%2:29:01::;put_on%2:29:00::;get_into%2:29:00::;don%2:29:00::;assume%2:29:00::
alligator%1:27:00::
alligator%1:05:00::;gator%1:05:00::
idler%1:18:00::;loafer%1:18:00::;do-nothing%1:18:00::;layabout%1:18:00::;bum%1:18:03::
loafer%1:06:00::
laugh%2:29:00::;express_joy%2:29:00::;express_mirth%2:29:00::
open_fire%2:33:00::;fire%2:33:01::
fire%2:33:00::;discharge%2:33:01::
fire%2:30:00::
displace%2:41:04::;fire%2:41:00::;give_notice%2:41:00::;can%2:41:00::;dismiss%2:41:00::;give_the_axe%2:41:00::;send_away%2:41:00::;sack%2:41:00::;force_out%2:41:00::;give_the_sack%2:41:00::;terminate%2:41:01::
fire%2:33:02::;discharge%2:33:02::;go_off%2:33:00::
fire%2:38:02::
arouse%2:37:00::;elicit%2:37:00::;enkindle%2:37:00::;kindle%2:37:00::;evoke%2:37:00::;fire%2:37:00::;raise%2:37:08::;provoke%2:37:00::
burn%2:30:02::;fire%2:30:01::;burn_down%2:30:02::
fuel%2:40:01::;fire%2:40:00::
blast%1:04:00::
bang%1:11:00::;clap%1:11:00::;eruption%1:11:01::;blast%1:11:01::;bam%1:11:00::
gust%1:19:00::;blast%1:19:00::;blow%1:19:00::
blast%1:11:00::
good_time%1:11:00::;blast%1:11:02::
fire%1:10:00::;attack%1:10:00::;flak%1:10:00::;flack%1:10:00::;blast%1:10:00::
fire%1:22:00::;flame%1:22:00::;flaming%1:22:00::
raise%2:38:00::;lift%2:38:00::;elevate%2:38:00::;get_up%2:38:00::;bring_up%2:38:00::
lift%2:35:00::
lift%2:38:01::;raise%2:38:02::
lift%2:32:02::
revoke%2:32:00::;annul%2:32:00::;lift%2:32:00::;countermand%2:32:00::;reverse%2:32:00::;repeal%2:32:00::;overturn%2:32:00::;rescind%2:32:00::;vacate%2:32:00::
pilfer%2:40:00::;cabbage%2:40:00::;purloin%2:40:00::;pinch%2:40:00::;abstract%2:40:00::;snarf%2:40:00::;swipe%2:40:00::;hook%2:40:00::;sneak%2:40:00::;filch%2:40:00::;nobble%2:40:00::;lift%2:40:00::
hoist%2:35:00::;lift%2:35:01::;wind%2:35:03::
raise%2:30:03::;lift%2:30:05::
lift%2:30:07::;raise%2:30:02::;elevate%2:30:00::
lift%2:30:09::
lift%2:40:02::
plagiarize%2:40:00::;plagiarise%2:40:00::;lift%2:40:01::
rustle%2:40:00::;lift%2:40:03::
airlift%2:35:00::;lift%2:35:04::
lift%2:35:02::
lift%2:32:01::
lift%2:30:04::
lift%2:30:02::;raise%2:30:13::
lift%2:30:03::
lift%2:30:08::
lift%2:30:00::
face-lift%2:29:00::;lift%2:29:00::
water%1:27:00::;h2o%1:27:00::
body_of_water%1:17:00::;water%1:17:00::
water%1:27:02::
water_system%1:06:00::;water_supply%1:06:00::;water%1:06:00::
urine%1:27:00::;piss%1:27:00::;pee%1:27:00::;piddle%1:27:00::;weewee%1:27:00::;water%1:27:01::
water%1:13:00::
degree%1:07:00::;grade%1:07:00::;level%1:07:00::
grade%1:26:00::;level%1:26:01::;tier%1:26:00::
degree%1:26:01::;level%1:26:00::;stage%1:26:00::;point%1:26:00::
level%1:07:01::
level%1:06:00::;spirit_level%1:06:00::
horizontal_surface%1:06:00::;level%1:06:03::
level%1:09:00::;layer%1:09:00::;stratum%1:09:00::
floor%1:06:01::;level%1:06:01::;storey%1:06:00::;story%1:06:00::
scurry%2:38:00::;scamper%2:38:00::;skitter%2:38:00::;scuttle%2:38:00::
drink%1:13:04::
beverage%1:13:00::;drink%1:13:00::;drinkable%1:13:00::;potable%1:13:00::
drink%1:17:00::
swallow%1:04:00::;drink%1:04:01::;deglutition%1:04:00::
rest%2:35:00::
rest%2:32:00::;breathe%2:32:00::;catch_one's_breath%2:32:00::;take_a_breather%2:32:00::
rest%2:32:01::
lie%2:42:02::;rest%2:42:00::
rest%2:29:00::
stay%2:30:00::;remain%2:30:00::;rest%2:30:00::
rest%2:42:12::;reside%2:42:12::;repose%2:42:12::
rest%2:35:04::
perch%2:35:00::;roost%2:35:00::;rest%2:35:01::
pillow%2:35:00::;rest%2:35:02::
rest%2:41:00::
spot%1:07:01::;speckle%1:07:00::;dapple%1:07:00::;patch%1:07:00::;fleck%1:07:00::;maculation%1:07:00::
plot%1:15:00::;plot_of_land%1:15:00::;plot_of_ground%1:15:00::;patch%1:15:00::
patch%1:06:00::
while%1:28:00::;piece%1:28:00::;spell%1:28:01::;patch%1:28:00::
patch%1:10:00::
temporary_hookup%1:06:00::;patch%1:06:03::
mend%1:06:00::;patch%1:06:01::;darn%1:06:00::
eyepatch%1:06:00::;patch%1:06:02::
bandage%1:06:00::;patch%1:06:04::
exquisite%5:00:00:intense:00;keen%5:00:00:intense:00
exquisite%5:00:00:elegant:00;recherche%5:00:00:elegant:00
dainty%5:00:00:delicate:00;exquisite%5:00:00:delicate:00
exquisite%5:00:00:beautiful:00
pleasure%1:12:00::;pleasance%1:12:00::
joy%1:09:00::;delight%1:09:00::;pleasure%1:09:00::
pleasure%1:09:01::
pleasure%1:04:02::
pleasure%1:04:01::
scramble%2:38:00::
clamber%2:38:00::;scramble%2:38:01::;shin%2:38:00::;shinny%2:38:00::;skin%2:38:00::;struggle%2:38:00::;sputter%2:38:00::
scramble%2:35:00::;jumble%2:35:00::;throw_together%2:35:01::
beat%2:35:03::;scramble%2:35:02::
scramble%2:30:00::
mud%1:27:00::;clay%1:27:02::
mud%1:10:00::
one-half%1:23:00::;half%1:23:00::
half%1:28:00::
tag%1:10:00::;ticket%1:10:03::
tag%1:10:01::
rag%1:06:00::;shred%1:06:00::;tag%1:06:01::;tag_end%1:06:00::;tatter%1:06:00::
tag%1:04:01::
tag%1:04:00::
team%1:14:00::;squad%1:14:00::
team%1:14:01::
watch%1:06:00::;ticker%1:06:01::
watch%1:28:00::
watch%1:04:00::;vigil%1:04:01::
watch%1:28:01::
lookout%1:18:00::;lookout_man%1:18:00::;sentinel%1:18:00::;sentry%1:18:00::;watch%1:18:00::;spotter%1:18:03::;scout%1:18:01::;picket%1:18:01::
vigil%1:04:02::;watch%1:04:02::
barely%4:02:00::;hardly%4:02:00::;just%4:02:04::;scarcely%4:02:00::;scarce%4:02:00::
scantily%4:02:00::;barely%4:02:01::
pursuit%1:04:00::;chase%1:04:00::;pursual%1:04:00::;following%1:04:01::
chase%1:18:00::;salmon_p._chase%1:18:00::;salmon_portland_chase%1:18:00::
chase%1:06:00::
drive%2:38:01::
drive%2:38:00::;motor%2:38:00::
drive%2:38:02::
force%2:35:02::;drive%2:35:00::;ram%2:35:00::
drive%2:41:02::
repel%2:35:00::;drive%2:35:11::;repulse%2:35:00::;force_back%2:35:00::;push_back%2:35:00::;beat_back%2:35:00::
drive%2:36:00::
drive%2:35:07::
drive%2:35:01::
tug%2:41:00::;labor%2:41:01::;labour%2:41:01::;push%2:41:00::;drive%2:41:00::
drive%2:41:13::
drive%2:38:09::
drive%2:38:10::
drive%2:38:11::;take%2:38:11::
drive%2:35:03::
drive%2:35:02::
drive%2:35:06::
drive%2:34:07::
drive%2:33:01::
drive%2:33:00::
grind_to_a_halt%2:38:00::;get_stuck%2:38:00::;bog_down%2:38:00::;mire%2:38:00::
ditch%1:06:00::
ditch%1:17:02::
enlist%2:33:00::
engage%2:40:01::;enlist%2:40:00::
enlist%2:33:01::;draft%2:33:00::;muster_in%2:33:00::
aid%1:07:00::;assistance%1:07:00::;help%1:07:00::
aid%1:04:00::;assist%1:04:01::;assistance%1:04:00::;help%1:04:00::
aid%1:21:00::;economic_aid%1:21:00::;financial_aid%1:21:00::
local%3:00:01::
local%3:01:01::
local%3:00:02::
exit%2:38:00::;go_out%2:38:00::;get_out%2:38:01::;leave%2:38:00::
bring_out%2:35:01::;get_out%2:35:00::
pull_out%2:38:00::;get_out%2:38:00::
get_out%2:32:01::
draw%2:38:01::;pull%2:38:03::;pull_out%2:38:03::;get_out%2:38:02::;take_out%2:38:10::
break%2:32:05::;get_out%2:32:00::;get_around%2:32:00::
get_off%2:32:00::;get_away%2:32:00::;get_by%2:32:00::;get_out%2:32:03::;escape%2:32:04::
dawdler%1:18:00::;drone%1:18:00::;laggard%1:18:00::;lagger%1:18:00::;trailer%1:18:00::;poke%1:18:00::
preview%1:10:01::;prevue%1:10:00::;trailer%1:10:00::
trailer%1:06:01::
trailer%1:06:00::;house_trailer%1:06:00::
enlistment%1:28:00::;hitch%1:28:00::;term_of_enlistment%1:28:00::;tour_of_duty%1:28:00::;duty_tour%1:28:00::;tour%1:28:01::
arrest%1:26:00::;check%1:26:00::;halt%1:26:00::;hitch%1:26:00::;stay%1:26:00::;stop%1:26:00::;stoppage%1:26:00::
hang-up%1:09:01::;hitch%1:09:00::;rub%1:09:00::;snag%1:09:00::
hitch%1:06:01::
hitch%1:06:00::
hindrance%1:06:00::;hinderance%1:06:00::;hitch%1:06:02::;preventive%1:06:03::;preventative%1:06:03::;encumbrance%1:06:00::;incumbrance%1:06:00::;interference%1:06:00::
hitch%1:04:00::;hobble%1:04:00::;limp%1:04:00::
extract%2:35:04::;pull_out%2:35:00::;pull%2:35:10::;pull_up%2:35:00::;take_out%2:35:09::;draw_out%2:35:05::
chicken_out%2:41:00::;back_off%2:41:00::;pull_out%2:41:00::;back_down%2:41:00::;bow_out%2:41:01::
ultimately%4:02:01::;finally%4:02:00::;in_the_end%4:02:00::;at_last%4:02:00::;at_long_last%4:02:00::
last%4:02:01::;lastly%4:02:00::;in_conclusion%4:02:00::;finally%4:02:03::
rendezvous%2:41:00::
soil%1:27:01::;dirt%1:27:01::
dirt%1:26:00::;filth%1:26:01::;grime%1:26:00::;soil%1:26:00::;stain%1:26:00::;grease%1:26:00::;grunge%1:26:00::
crap%1:27:00::;dirt%1:27:02::;shit%1:27:00::;shite%1:27:00::;poop%1:27:00::;turd%1:27:00::
scandal%1:10:00::;dirt%1:10:00::;malicious_gossip%1:10:00::
road%1:06:00::;route%1:06:00::
road%1:04:00::
clasp%1:04:00::;clench%1:04:00::;clutch%1:04:00::;clutches%1:04:00::;grasp%1:04:00::;grip%1:04:00::;hold%1:04:00::
clutch%1:26:00::
clutch%1:14:01::
batch%1:14:00::;clutch%1:14:00::
clutch_bag%1:06:00::;clutch%1:06:02::
clutch%1:06:01::;clutch_pedal%1:06:00::
clutch%1:06:00::
disassemble%2:36:00::;dismantle%2:36:00::;take_apart%2:36:00::;break_up%2:36:00::;break_apart%2:36:00::
trade%1:04:00::;craft%1:04:00::
craft%1:06:00::
craft%1:14:00::;trade%1:14:00::
craft%1:09:01::;craftsmanship%1:09:00::;workmanship%1:09:00::
craft%1:09:00::;craftiness%1:09:00::;cunning%1:09:01::;foxiness%1:09:00::;guile%1:09:01::;slyness%1:09:00::;wiliness%1:09:00::
preciseness%1:07:00::;precision%1:07:00::
routine%1:04:00::;modus_operandi%1:04:00::
routine%1:10:00::;subroutine%1:10:00::;subprogram%1:10:00::;procedure%1:10:00::;function%1:10:00::
yank%2:35:00::;jerk%2:35:01::
punch%2:35:00::;plug%2:35:00::
punch%2:35:04::
punch%2:35:01::;perforate%2:35:00::
roll_up%2:30:01::;furl%2:30:00::
roll_up%2:40:03::;collect%2:40:00::;accumulate%2:40:00::;pile_up%2:40:00::;amass%2:40:00::;compile%2:40:00::;hoard%2:40:00::
roll_up%2:38:03::
bundle%2:35:00::;bundle_up%2:35:00::;roll_up%2:35:00::
roll_up%2:35:01::
roll_up%2:30:00::;wrap_up%2:30:00::
roll%2:30:07::;roll_up%2:30:02::
jam%2:35:00::;jampack%2:35:00::;ram%2:35:03::;chock_up%2:35:00::;cram%2:35:00::;wad%2:35:00::
cram%2:35:10::
cram%2:31:00::;grind_away%2:31:00::;drum%2:31:00::;bone_up%2:31:00::;swot%2:31:00::;get_up%2:31:00::;mug_up%2:31:00::;swot_up%2:31:00::;bone%2:31:00::
cram%2:30:00::
exercise%1:04:00::;exercising%1:04:00::;physical_exercise%1:04:00::;physical_exertion%1:04:00::;workout%1:04:00::
use%1:04:00::;usage%1:04:00::;utilization%1:04:00::;utilisation%1:04:00::;employment%1:04:01::;exercise%1:04:03::
exercise%1:04:02::;practice%1:04:02::;drill%1:04:00::;practice_session%1:04:00::;recitation%1:04:00::
exercise%1:04:01::;example%1:04:00::
exercise%1:11:01::
immediately%4:02:00::;instantly%4:02:00::;straightaway%4:02:00::;straight_off%4:02:00::;directly%4:02:07::;now%4:02:01::;right_away%4:02:00::;at_once%4:02:00::;forthwith%4:02:00::;like_a_shot%4:02:00::
immediately%4:02:03::
immediately%4:02:05::
lacrimation%1:22:00::;lachrymation%1:22:00::;tearing%1:22:00::;watering%1:22:00::
watering%1:04:00::
hole%1:17:01::
hole%1:06:00::
hole%1:06:01::;golf_hole%1:06:00::
hole%1:25:00::
hole%1:17:02::;hollow%1:17:00::
hole%1:26:01::
fix%1:26:00::;hole%1:26:00::;jam%1:26:00::;mess%1:26:02::;muddle%1:26:01::;pickle%1:26:00::;kettle_of_fish%1:26:00::
trap%1:08:00::;cakehole%1:08:00::;hole%1:08:00::;maw%1:08:00::;yap%1:08:00::;gob%1:08:00::
mean%2:32:01::;intend%2:32:00::
entail%2:42:01::;imply%2:42:00::;mean%2:42:00::
mean%2:32:03::;intend%2:32:02::;signify%2:32:02::;stand_for%2:32:00::
intend%2:31:00::;mean%2:31:00::;think%2:31:06::
mean%2:42:03::
think_of%2:31:02::;have_in_mind%2:31:01::;mean%2:31:01::
mean%2:31:05::
return%2:38:00::
render%2:40:00::;return%2:40:08::
revert%2:30:00::;return%2:30:00::;retrovert%2:30:00::;regress%2:30:01::;turn_back%2:30:00::
hark_back%2:32:00::;return%2:32:00::;come_back%2:32:00::;recall%2:32:00::
return%2:38:12::;take_back%2:38:03::;bring_back%2:38:00::
return%2:40:03::
return%2:35:01::
retort%2:32:00::;come_back%2:32:01::;repay%2:32:00::;return%2:32:01::;riposte%2:32:00::;rejoin%2:32:00::
come_back%2:30:00::;return%2:30:01::
refund%2:40:00::;return%2:40:00::;repay%2:40:00::;give_back%2:40:00::
render%2:32:01::;deliver%2:32:01::;return%2:32:03::
reelect%2:41:00::;return%2:41:00::
return%2:38:01::
render%2:36:00::;yield%2:36:00::;return%2:36:00::;give%2:36:00::;generate%2:36:02::
return%2:32:02::
golf%1:04:00::;golf_game%1:04:00::
duffer%1:18:00::
maul%2:35:01::
maul%2:35:00::;mangle%2:35:02::
tee%1:15:00::;teeing_ground%1:15:00::
tee%1:06:01::;football_tee%1:06:00::
tee%1:06:00::;golf_tee%1:06:00::
sit%2:35:00::;sit_down%2:35:03::
sit%2:42:00::;sit_around%2:42:00::
sit_down%2:38:00::;sit%2:38:00::
sit%2:38:01::
model%2:39:01::;pose%2:39:00::;sit%2:39:00::;posture%2:39:00::
sit%2:42:05::
baby-sit%2:41:00::;sit%2:41:05::
seat%2:35:00::;sit%2:35:01::;sit_down%2:35:00::
sit%2:33:00::
umbrella%1:06:00::
umbrella%1:04:00::
umbrella%1:04:01::
nurse%2:29:00::
nurse%2:41:00::
nurse%2:41:03::
breastfeed%2:34:00::;suckle%2:34:00::;suck%2:34:02::;nurse%2:34:00::;wet-nurse%2:34:00::;lactate%2:34:00::;give_suck%2:34:00::
espresso%1:13:00::
ego%1:12:01::;egotism%1:12:00::;self-importance%1:12:00::
self%1:09:00::;ego%1:09:01::
ego%1:09:00::
whole%3:00:00::
whole%3:00:02::
unharmed%5:00:00:uninjured:00;unhurt%5:00:00:uninjured:00;unscathed%5:00:00:uninjured:00;whole%5:00:00:uninjured:00
hale%5:00:00:healthy:00;whole%5:00:00:healthy:00
solid%5:00:00:undiversified:00;unanimous%5:00:00:undiversified:00;whole%5:00:00:undiversified:00
calculate%2:31:03::;estimate%2:31:01::;reckon%2:31:03::;count_on%2:31:01::;figure%2:31:01::;forecast%2:31:00::
figure%2:42:00::;enter%2:42:00::
calculate%2:31:00::;cipher%2:31:00::;cypher%2:31:00::;compute%2:31:00::;work_out%2:31:06::;reckon%2:31:01::;figure%2:31:00::
figure%2:31:02::
event%1:03:00::
event%1:19:00::
consequence%1:19:00::;effect%1:19:00::;outcome%1:19:00::;result%1:19:00::;event%1:19:01::;issue%1:19:00::;upshot%1:19:00::
near%4:02:01::;nigh%4:02:00::;close%4:02:01::
matchless%5:00:00:incomparable:00;nonpareil%5:00:00:incomparable:00;one%5:00:00:incomparable:00;one_and_only%5:00:00:incomparable:00;peerless%5:00:00:incomparable:00;unmatched%5:00:00:incomparable:00;unmatchable%5:00:00:incomparable:00;unrivaled%5:00:00:incomparable:00;unrivalled%5:00:00:incomparable:00
drive%1:04:00::;ride%1:04:00::
ride%1:06:00::
camp%1:06:00::;encampment%1:06:00::;cantonment%1:06:00::;bivouac%1:06:00::
camp%1:14:00::
camp%1:06:01::
clique%1:14:00::;coterie%1:14:00::;ingroup%1:14:00::;inner_circle%1:14:00::;pack%1:14:01::;camp%1:14:01::
camp%1:06:02::
camp%1:09:00::
camp%1:06:04::;refugee_camp%1:06:00::
camp%1:06:03::;summer_camp%1:06:00::
french-speaking%5:00:00:communicative:00
american%3:01:01::
american%3:01:00::
leave%2:38:01::;go_forth%2:38:00::;go_away%2:38:00::
leave%2:31:05::
leave%2:42:02::
leave%2:30:02::;leave_alone%2:30:00::;leave_behind%2:30:03::
leave%2:42:01::;allow_for%2:42:00::;allow%2:42:00::;provide%2:42:00::
leave%2:42:00::;result%2:42:02::;lead%2:42:04::
leave%2:41:00::;depart%2:41:00::;pull_up_stakes%2:41:00::
entrust%2:40:01::;leave%2:40:06::
bequeath%2:40:00::;will%2:40:00::;leave%2:40:01::
leave%2:42:03::
leave%2:30:03::;leave_behind%2:30:00::
impart%2:40:00::;leave%2:40:02::;give%2:40:09::;pass_on%2:40:03::
forget%2:31:02::;leave%2:31:02::
outside%4:02:00::;outdoors%4:02:00::;out_of_doors%4:02:00::;alfresco%4:02:00::
streak%2:38:00::
streak%2:38:01::
mottle%2:36:00::;streak%2:36:00::;blotch%2:36:00::
blase%5:00:00:sophisticated:00;worldly%5:00:00:sophisticated:00
blase%5:00:00:uninterested:00;bored%5:00:00:uninterested:00
blase%5:00:00:unconcerned:00
gendarme%1:18:00::
defy%2:42:01::;resist%2:42:01::;refuse%2:42:00::
resist%2:33:00::;hold_out%2:33:00::;withstand%2:33:00::;stand_firm%2:33:00::
protest%2:41:00::;resist%2:41:02::;dissent%2:41:00::
resist%2:42:04::;reject%2:42:04::;refuse%2:42:04::
resist%2:41:00::;balk%2:41:00::;baulk%2:41:00::;jib%2:41:00::
rear%2:38:00::;rise_up%2:38:01::
rear%2:41:00::;raise%2:41:00::;bring_up%2:41:00::;nurture%2:41:00::;parent%2:41:00::
rear%2:38:01::;erect%2:38:00::
raise%2:36:02::;erect%2:36:00::;rear%2:36:00::;set_up%2:36:01::;put_up%2:36:00::
toast%2:34:00::;drink%2:34:12::;pledge%2:34:00::;salute%2:34:00::;wassail%2:34:00::
salute%2:32:00::
salute%2:32:03::
salute%2:39:00::
salute%2:32:02::
salute%2:32:01::;present%2:32:03::
ms%1:10:02::;ms.%1:10:00::
delaware%1:15:00::;diamond_state%1:15:00::;first_state%1:15:00::;de%1:15:00::
freelance%3:00:00::;free-lance%3:00:00::;self-employed%3:00:00::
mercenary%5:00:00:paid:00;free-lance%5:00:00:paid:00;freelance%5:00:00:paid:00
writer%1:18:00::;author%1:18:00::
writer%1:18:01::
